"date","hono"
2024-04-30 15:45:11,400.05133615236
2024-04-30 15:45:41,396.591658395302
2024-04-30 15:46:11,394.392303506224
2024-04-30 15:46:41,393.382969263847
2024-04-30 15:47:11,392.32154799489
2024-04-30 15:47:41,391.540056332288
2024-04-30 15:48:11,391.160883523901
2024-04-30 15:48:41,391.289482901644
2024-04-30 15:49:11,391.89070335488
2024-04-30 15:49:41,392.21199420176
2024-04-30 15:50:11,392.218204331646
2024-04-30 15:50:41,392.189263350892
2024-04-30 15:51:11,391.600463157427
2024-04-30 15:51:41,391.221290349039
2024-04-30 15:52:11,390.352560549219
2024-04-30 15:52:41,389.973387740831
2024-04-30 15:53:11,389.349436436727
2024-04-30 15:53:41,388.725485132623
2024-04-30 15:54:11,388.416614545513
2024-04-30 15:54:41,387.985354710546
2024-04-30 15:55:11,387.518943764939
2024-04-30 15:55:41,387.210073177829
2024-04-30 15:56:11,387.093894059856
2024-04-30 15:56:41,386.907412720606
2024-04-30 15:57:11,386.808169518574
2024-04-30 15:57:41,386.026677855972
2024-04-30 15:58:11,385.560266910365
2024-04-30 15:58:41,385.093855964758
2024-04-30 15:59:11,384.714683156371
2024-04-30 15:59:41,383.618110776775
2024-04-30 16:00:11,383.274089079026
2024-04-30 16:00:41,382.894916270638
2024-04-30 16:01:11,382.865975289885
2024-04-30 16:01:41,381.769402910289
2024-04-30 16:02:11,380.760068667911
2024-04-30 16:02:41,379.856187757451
2024-04-30 16:03:11,379.039544984211
2024-04-30 16:03:41,377.505502639761
2024-04-30 16:04:11,374.903828896469
2024-04-30 16:04:41,374.524656088081
2024-04-30 16:05:11,374.810795824322
2024-04-30 16:05:41,376.392409539182
2024-04-30 16:06:11,377.221472572194
2024-04-30 16:06:41,377.19253159144
2024-04-30 16:07:11,376.655818424555
2024-04-30 16:07:41,376.102169341729
2024-04-30 16:08:11,375.687845422702
2024-04-30 16:08:41,374.504034905887
2024-04-30 16:09:11,374.439942814494
2024-04-30 16:09:41,374.166223338024
2024-04-30 16:10:11,373.50712092328
2024-04-30 16:10:41,372.375397433045
2024-04-30 16:11:11,372.188916093794
2024-04-30 16:11:41,372.439904719396
2024-04-30 16:12:11,372.131034132286
2024-04-30 16:12:41,371.629472076041
2024-04-30 16:13:11,369.465268297601
2024-04-30 16:13:41,368.998857351995
2024-04-30 16:14:11,369.477688557372
2024-04-30 16:14:41,370.586681196739
2024-04-30 16:15:11,371.975603442462
2024-04-30 16:15:41,372.332045399982
2024-04-30 16:16:11,372.145564060731
2024-04-30 16:16:41,372.274163438474
2024-04-30 16:17:11,373.295917940622
2024-04-30 16:17:41,380.093299401837
2024-04-30 16:18:11,394.960390257059
2024-04-30 16:18:41,413.065526419448
2024-04-30 16:19:11,423.030650966552
2024-04-30 16:19:41,414.47631543224
2024-04-30 16:20:11,388.119919387722
2024-04-30 16:20:41,354.429428715104
2024-04-30 16:21:11,324.712598115561
2024-04-30 16:21:41,304.711182716276
2024-04-30 16:22:11,293.654416640704
2024-04-30 16:22:41,288.111563112542
2024-04-30 16:23:11,286.507218546814
2024-04-30 16:23:41,286.075958711846
2024-04-30 16:24:11,286.834719523579
2024-04-30 16:24:41,287.593480335313
2024-04-30 16:25:11,288.824862222538
2024-04-30 16:25:41,289.741163392769
2024-04-30 16:26:11,290.132756460928
2024-04-30 16:26:41,290.804279135442
2024-04-30 16:27:11,290.600861880249
2024-04-30 16:27:41,289.66182985915
2024-04-30 16:28:11,289.282657050763
2024-04-30 16:28:41,288.501165388161
2024-04-30 16:29:11,288.9448454829
2024-04-30 16:29:41,288.67112600643
2024-04-30 16:30:11,288.291953198042
2024-04-30 16:30:41,287.703153004577
2024-04-30 16:31:11,287.359131306829
2024-04-30 16:31:41,286.349797064451
2024-04-30 16:32:11,285.690694649708
2024-04-30 16:32:41,285.137045566882
2024-04-30 16:33:11,285.143255696767
2024-04-30 16:33:41,284.554455503302
2024-04-30 16:34:11,283.422732013067
2024-04-30 16:34:41,284.426271320517
2024-04-30 16:35:11,285.920646898157
2024-04-30 16:35:41,287.974881688509
2024-04-30 16:36:11,289.398955044871
2024-04-30 16:36:41,289.597856643893
2024-04-30 16:37:11,290.163925986489
2024-04-30 16:37:41,290.292525364233
2024-04-30 16:38:11,289.703725170768
2024-04-30 16:38:41,289.394854583659
2024-04-30 16:39:11,288.806054390194
2024-04-30 16:39:41,288.847415630718
2024-04-30 16:40:11,288.625783180828
2024-04-30 16:40:41,288.474452952216
2024-04-30 16:41:11,288.130431254468
2024-04-30 16:41:41,288.223879521572
2024-04-30 16:42:11,288.107700403599
2024-04-30 16:42:41,287.833980927129
2024-04-30 16:43:11,287.402721092161
2024-04-30 16:43:41,286.849072009335
2024-04-30 16:44:11,286.540201422226
2024-04-30 16:44:41,286.66880079997
2024-04-30 16:45:11,286.395081323499
2024-04-30 16:45:41,285.928670377892
2024-04-30 16:46:11,285.23441685251
2024-04-30 16:46:41,284.575314437767
2024-04-30 16:47:11,284.196141629379
2024-04-30 16:47:41,283.852119931631
2024-04-30 16:48:11,283.508098233882
2024-04-30 16:48:41,282.726606571281
2024-04-30 16:49:11,282.032353045898
2024-04-30 16:49:41,281.373250631155
2024-04-30 16:50:11,280.311829362198
2024-04-30 16:50:41,279.530337699596
2024-04-30 16:51:11,278.993624532711
2024-04-30 16:51:41,278.684753945602
2024-04-30 16:52:11,278.883655544624
2024-04-30 16:52:41,278.767476426651
2024-04-30 16:53:11,278.860924693756
2024-04-30 16:53:41,278.552054106646
2024-04-30 16:54:11,277.45548172705
2024-04-30 16:54:41,276.481298595312
2024-04-30 16:55:11,276.3299683667
2024-04-30 16:55:41,276.686410324219
2024-04-30 16:56:11,277.637862605089
2024-04-30 16:56:41,277.521683487116
2024-04-30 16:57:11,278.315595409488
2024-04-30 16:57:41,279.669366544572
2024-04-30 16:58:11,280.463278466945
2024-04-30 16:58:41,280.539790818108
2024-04-30 16:59:11,280.19576912036
2024-04-30 16:59:41,279.536666705617
2024-04-30 17:00:11,278.597634684518
2024-04-30 17:00:41,277.465911194282
2024-04-30 17:01:11,276.877111000817
2024-04-30 17:01:41,276.690629661566
2024-04-30 17:02:11,276.574450543593
2024-04-30 17:02:41,276.930892501112
2024-04-30 17:03:11,277.059491878856
2024-04-30 17:03:41,277.573474194873
2024-04-30 17:04:11,277.824462820475
2024-04-30 17:04:41,278.338445136492
2024-04-30 17:05:11,278.659735983372
2024-04-30 17:05:41,279.225805325969
2024-04-30 17:06:11,279.45985803563
2024-04-30 17:06:41,280.411310316499
2024-04-30 17:07:11,280.890141521877
2024-04-30 17:07:41,281.05389201026
2024-04-30 17:08:11,280.937712892287
2024-04-30 17:08:41,281.066312270031
2024-04-30 17:09:11,280.599901324424
2024-04-30 17:09:41,279.97595002032
2024-04-30 17:10:11,278.879377640723
2024-04-30 17:10:41,279.007977018467
2024-04-30 17:11:11,278.699106431358
2024-04-30 17:11:41,279.213088747374
2024-04-30 17:12:11,279.21929887726
2024-04-30 17:12:41,278.91042829015
2024-04-30 17:13:11,278.286476986046
2024-04-30 17:13:41,277.540136434084
2024-04-30 17:14:11,277.546346563969
2024-04-30 17:14:41,277.272627087499
2024-04-30 17:15:11,276.3335950664
2024-04-30 17:15:41,276.182264837788
2024-04-30 17:16:11,275.680702781542
2024-04-30 17:16:41,275.651761800788
2024-04-30 17:17:11,275.535582682815
2024-04-30 17:17:41,275.506641702062
2024-04-30 17:18:11,275.35531147345
2024-04-30 17:18:41,273.471037301366
2024-04-30 17:19:11,271.114142053791
2024-04-30 17:19:41,270.175110032692
2024-04-30 17:20:11,269.39361837009
2024-04-30 17:20:41,269.837298464829
2024-04-30 17:21:11,269.843508594714
2024-04-30 17:21:41,270.44472904795
2024-04-30 17:22:11,271.203489859683
2024-04-30 17:22:41,271.927099560778
2024-04-30 17:23:11,272.72101148315
2024-04-30 17:23:41,272.849610860894
2024-04-30 17:24:11,272.418351025926
2024-04-30 17:24:41,272.267020797314
2024-04-30 17:25:11,272.045388347424
2024-04-30 17:25:41,271.491739264598
2024-04-30 17:26:11,271.06047942963
2024-04-30 17:26:41,271.066689559516
2024-04-30 17:27:11,271.510369654254
2024-04-30 17:27:41,272.024351970271
2024-04-30 17:28:11,272.345642817151
2024-04-30 17:28:41,273.454635456518
2024-04-30 17:29:11,273.65353705554
2024-04-30 17:29:41,273.694898296065
2024-04-30 17:30:11,273.70110842595
2024-04-30 17:30:41,273.707318555836
2024-04-30 17:31:11,273.591139437863
2024-04-30 17:31:41,273.317419961392
2024-04-30 17:32:11,272.851009015786
2024-04-30 17:32:41,273.014759504168
2024-04-30 17:33:11,272.793127054278
2024-04-30 17:33:41,272.554558688447
2024-04-30 17:34:11,272.08814774284
2024-04-30 17:34:41,272.287049341862
2024-04-30 17:35:11,272.730729436601
2024-04-30 17:35:41,272.299469601633
2024-04-30 17:36:11,272.585609337874
2024-04-30 17:36:41,272.434279109262
2024-04-30 17:37:11,271.932717053016
2024-04-30 17:37:41,269.138351840588
2024-04-30 17:38:11,266.781456593012
2024-04-30 17:38:41,265.369803496421
2024-04-30 17:39:11,265.691094343301
2024-04-30 17:39:41,267.115167699663
2024-04-30 17:40:11,267.751539263538
2024-04-30 17:40:41,267.635360145565
2024-04-30 17:41:11,266.818717372324
2024-04-30 17:41:41,265.564604634231
2024-04-30 17:42:11,265.728355122613
2024-04-30 17:42:41,265.892105610996
2024-04-30 17:43:11,265.705624271745
2024-04-30 17:43:41,265.081672967641
2024-04-30 17:44:11,264.615262022034
2024-04-30 17:44:41,265.21648247527
2024-04-30 17:45:11,265.53777332215
2024-04-30 17:45:41,264.826583880827
2024-04-30 17:46:11,263.537320032094
2024-04-30 17:46:41,262.878217617351
2024-04-30 17:47:11,263.199508464231
2024-04-30 17:47:41,264.150960745101
2024-04-30 17:48:11,264.227473096264
2024-04-30 17:48:41,263.761062150658
2024-04-30 17:49:11,262.78687901892
2024-04-30 17:49:41,262.47800843181
2024-04-30 17:50:11,262.169137844701
2024-04-30 17:50:41,262.017807616089
2024-04-30 17:51:11,262.776568427822
2024-04-30 17:51:41,263.097859274702
2024-04-30 17:52:11,263.471237148163
2024-04-30 17:52:41,261.49972483886
2024-04-30 17:53:11,260.280763211405
2024-04-30 17:53:41,260.724443306144
2024-04-30 17:54:11,262.026127414648
2024-04-30 17:54:41,263.083033027435
2024-04-30 17:55:11,263.509777206232
2024-04-30 17:55:41,262.868889986187
2024-04-30 17:56:11,261.965009075727
2024-04-30 17:56:41,261.848829957754
2024-04-30 17:57:11,262.257358941854
2024-04-30 17:57:41,262.315656098319
2024-04-30 17:58:11,262.531493613282
2024-04-30 17:58:41,262.345012274031
2024-04-30 17:59:11,262.560849788994
2024-04-30 17:59:41,262.181676980607
2024-04-30 18:00:11,262.625357075345
2024-04-30 18:00:41,262.946647922225
2024-04-30 18:01:11,262.637777335116
2024-04-30 18:01:41,262.76637671286
2024-04-30 18:02:11,262.335116877892
2024-04-30 18:02:41,261.711165573788
2024-04-30 18:03:11,261.402294986678
2024-04-30 18:03:41,260.971035151711
2024-04-30 18:04:11,261.134785640093
2024-04-30 18:04:41,260.861066163623
2024-04-30 18:05:11,261.024816652006
2024-04-30 18:05:41,261.083113808472
2024-04-30 18:06:11,260.056843650153
2024-04-30 18:06:41,259.432892346049
2024-04-30 18:07:11,257.741309643102
2024-04-30 18:07:41,257.625130525129
2024-04-30 18:08:11,258.663820943218
2024-04-30 18:08:41,260.035807273
2024-04-30 18:09:11,261.424729518723
2024-04-30 18:09:41,261.93871183474
2024-04-30 18:10:11,261.700143468909
2024-04-30 18:10:41,261.478511019018
2024-04-30 18:11:11,261.204791542548
2024-04-30 18:11:41,260.8607698448
2024-04-30 18:12:11,261.076607359763
2024-04-30 18:12:41,260.645347524795
2024-04-30 18:13:11,260.686708765319
2024-04-30 18:13:41,260.535378536707
2024-04-30 18:14:11,260.943907520807
2024-04-30 18:14:41,260.355107327342
2024-04-30 18:15:11,260.518857815725
2024-04-30 18:15:41,260.47298091903
2024-04-30 18:16:11,261.039050261627
2024-04-30 18:16:41,261.045260391512
2024-04-30 18:17:11,261.681631955387
2024-04-30 18:17:41,261.565452837414
2024-04-30 18:18:11,261.501360746022
2024-04-30 18:18:41,261.122187937634
2024-04-30 18:19:11,259.903226310179
2024-04-30 18:19:41,258.96419428908
2024-04-30 18:20:11,258.497783343474
2024-04-30 18:20:41,257.751442791511
2024-04-30 18:21:11,257.285031845904
2024-04-30 18:21:41,256.818620900298
2024-04-30 18:22:11,256.596988450407
2024-04-30 18:22:41,256.323268973937
2024-04-30 18:23:11,255.892009138969
2024-04-30 18:23:41,255.390447082723
2024-04-30 18:24:11,255.203965743472
2024-04-30 18:24:41,254.772705908505
2024-04-30 18:25:11,254.621375679893
2024-04-30 18:25:41,254.785126168275
2024-04-30 18:26:11,255.071265904517
2024-04-30 18:26:41,254.955086786544
2024-04-30 18:27:11,255.118837274926
2024-04-30 18:27:41,255.125047404812
2024-04-30 18:28:11,255.533576388911
2024-04-30 18:28:41,255.417397270939
2024-04-30 18:29:11,255.266067042327
2024-04-30 18:29:41,254.79965609672
2024-04-30 18:30:11,254.175704792616
2024-04-30 18:30:41,253.58690459915
2024-04-30 18:31:11,253.242882901402
2024-04-30 18:31:41,252.618931597298
2024-04-30 18:32:11,253.097762802675
2024-04-30 18:32:41,253.1391240432
2024-04-30 18:33:11,252.392783491237
2024-04-30 18:33:41,252.048761793489
2024-04-30 18:34:11,251.180031993668
2024-04-30 18:34:41,250.713621048061
2024-04-30 18:35:11,251.070063005581
2024-04-30 18:35:41,251.916061954533
2024-04-30 18:36:11,251.922272084419
2024-04-30 18:36:41,251.613401497309
2024-04-30 18:37:11,251.462071268697
2024-04-30 18:37:41,251.660972867719
2024-04-30 18:38:11,251.474491528468
2024-04-30 18:38:41,251.760631264709
2024-04-30 18:39:11,251.766841394595
2024-04-30 18:39:41,251.528273028763
2024-04-30 18:40:11,252.09434237136
2024-04-30 18:40:41,251.978163253387
2024-04-30 18:41:11,252.229151878989
2024-04-30 18:41:41,252.270513119514
2024-04-30 18:42:11,252.311874360038
2024-04-30 18:42:41,252.755554454777
2024-04-30 18:43:11,252.446683867668
2024-04-30 18:43:41,252.0154240327
2024-04-30 18:44:11,251.986483051946
2024-04-30 18:44:41,252.150233540329
2024-04-30 18:45:11,251.718973705361
2024-04-30 18:45:41,250.902330932121
2024-04-30 18:46:11,250.435919986514
2024-04-30 18:46:41,250.284589757902
2024-04-30 18:47:11,249.5030980953
2024-04-30 18:47:41,248.879146791196
2024-04-30 18:48:11,247.082110756332
2024-04-30 18:48:41,245.548068411882
2024-04-30 18:49:11,244.959268218417
2024-04-30 18:49:41,244.772786879166
2024-04-30 18:50:11,245.058926615407
2024-04-30 18:50:41,245.135438966571
2024-04-30 18:51:11,245.299189454954
2024-04-30 18:51:41,245.585329191195
2024-04-30 18:52:11,245.854533011495
2024-04-30 18:52:41,246.333364216873
2024-04-30 18:53:11,247.214514276464
2024-04-30 18:53:41,247.921188061617
2024-04-30 18:54:11,248.71509998399
2024-04-30 18:54:41,248.843699361734
2024-04-30 18:55:11,248.692369133122
2024-04-30 18:55:41,247.875726359881
2024-04-30 18:56:11,246.936694338782
2024-04-30 18:56:41,246.505434503814
2024-04-30 18:57:11,246.546795744339
2024-04-30 18:57:41,246.868086591219
2024-04-30 18:58:11,247.031837079602
2024-04-30 18:58:41,247.002896098848
2024-04-30 18:59:11,247.639267662723
2024-04-30 18:59:41,247.243158938394
2024-04-30 19:00:11,246.146586558798
2024-04-30 19:00:41,244.069620917578
2024-04-30 19:01:11,242.622816710348
2024-04-30 19:01:41,242.034016516883
2024-04-30 19:02:11,242.60008585948
2024-04-30 19:02:41,243.149219286135
2024-04-30 19:03:11,243.400207911738
2024-04-30 19:03:41,243.319179904404
2024-04-30 19:04:11,243.29023892365
2024-04-30 19:04:41,243.331600164175
2024-04-30 19:05:11,243.740129148274
2024-04-30 19:05:41,243.623950030301
2024-04-30 19:06:11,243.665311270826
2024-04-30 19:06:41,243.829061759208
2024-04-30 19:07:11,243.677731530597
2024-04-30 19:07:41,244.034173488116
2024-04-30 19:08:11,243.445373294651
2024-04-30 19:08:41,243.294043066039
2024-04-30 19:09:11,243.300253195924
2024-04-30 19:09:41,243.499154794946
2024-04-30 19:10:11,243.977986000324
2024-04-30 19:10:41,244.299276847204
2024-04-30 19:11:11,244.340638087728
2024-04-30 19:11:41,243.909378252761
2024-04-30 19:12:11,243.72289691351
2024-04-30 19:12:41,243.606717795537
2024-04-30 19:13:11,243.542625704144
2024-04-30 19:13:41,243.51368472339
2024-04-30 19:14:11,243.23996524692
2024-04-30 19:14:41,242.616013942816
2024-04-30 19:15:11,242.464683714204
2024-04-30 19:15:41,242.313353485592
2024-04-30 19:16:11,242.16202325698
2024-04-30 19:16:41,242.045844139007
2024-04-30 19:17:11,242.052054268892
2024-04-30 19:17:41,241.428102964788
2024-04-30 19:18:11,240.524222054328
2024-04-30 19:18:41,238.95502859924
2024-04-30 19:19:11,238.331077295135
2024-04-30 19:19:41,237.987055597387
2024-04-30 19:20:11,238.553124939984
2024-04-30 19:20:41,238.996805034722
2024-04-30 19:21:11,238.687934447613
2024-04-30 19:21:41,238.658993466859
2024-04-30 19:22:11,238.542814348886
2024-04-30 19:22:41,238.513873368133
2024-04-30 19:23:11,238.362543139521
2024-04-30 19:23:41,238.246364021548
2024-04-30 19:24:11,237.850255297219
2024-04-30 19:24:41,238.293935391958
2024-04-30 19:25:11,238.177756273985
2024-04-30 19:25:41,237.868885686875
2024-04-30 19:26:11,237.682404347624
2024-04-30 19:26:41,237.495923008373
2024-04-30 19:27:11,237.222203531903
2024-04-30 19:27:41,236.790943696935
2024-04-30 19:28:11,236.762002716182
2024-04-30 19:28:41,236.61067248757
2024-04-30 19:29:11,236.459342258958
2024-04-30 19:29:41,236.465552388843
2024-04-30 19:30:11,236.034292553875
2024-04-30 19:30:41,236.198043042258
2024-04-30 19:31:11,235.959474676427
2024-04-30 19:31:41,236.595846240302
2024-04-30 19:32:11,236.479667122329
2024-04-30 19:32:41,236.328336893717
2024-04-30 19:33:11,236.4920873821
2024-04-30 19:33:41,236.463146401346
2024-04-30 19:34:11,237.099517965221
2024-04-30 19:34:41,237.298419564243
2024-04-30 19:35:11,237.147089335631
2024-04-30 19:35:41,237.118148354878
2024-04-30 19:36:11,237.001969236905
2024-04-30 19:36:41,236.937877145512
2024-04-30 19:37:11,236.349076952047
2024-04-30 19:37:41,235.760276758582
2024-04-30 19:38:11,236.291194990539
2024-04-30 19:38:41,236.017475514069
2024-04-30 19:39:11,236.146074891813
2024-04-30 19:39:41,236.309825380196
2024-04-30 19:40:11,236.35118662072
2024-04-30 19:40:41,236.75971560482
2024-04-30 19:41:11,237.746318996329
2024-04-30 19:41:41,241.726189199288
2024-04-30 19:42:11,253.355234747342
2024-04-30 19:42:41,272.931600441545
2024-04-30 19:43:11,293.768289003726
2024-04-30 19:43:41,306.885499999535
2024-04-30 19:44:11,307.644260811269
2024-04-30 19:44:41,297.638190218599
2024-04-30 19:45:11,282.520525932733
2024-04-30 19:45:41,268.785573762706
2024-04-30 19:46:11,259.619291989103
2024-04-30 19:46:41,254.584210647071
2024-04-30 19:47:11,251.99947281972
2024-04-30 19:47:41,249.87042015192
2024-04-30 19:48:11,248.546005192548
2024-04-30 19:48:41,249.234463783003
2024-04-30 19:49:11,251.340785599935
2024-04-30 19:49:41,252.082610495727
2024-04-30 19:50:11,251.808891019257
2024-04-30 19:50:41,248.419515483478
2024-04-30 19:51:11,244.049746686075
2024-04-30 19:51:41,239.522437530175
2024-04-30 19:52:11,236.185149020975
2024-04-30 19:52:41,233.548324167044
2024-04-30 19:53:11,232.136671070453
2024-04-30 19:53:41,231.197639049354
2024-04-30 19:54:11,230.853617351605
2024-04-30 19:54:41,230.544746764496
2024-04-30 19:55:11,230.58610800502
2024-04-30 19:55:41,230.592318134906
2024-04-30 19:56:11,230.791219733928
2024-04-30 19:56:41,231.357289076525
2024-04-30 19:57:11,231.398650317049
2024-04-30 19:57:41,231.597551916071
2024-04-30 19:58:11,232.04123201081
2024-04-30 19:58:41,232.327371747051
2024-04-30 19:59:11,232.333581876936
2024-04-30 19:59:41,232.339792006822
2024-04-30 20:00:11,232.066072530351
2024-04-30 20:00:41,231.564510474105
2024-04-30 20:01:11,231.378029134854
2024-04-30 20:01:41,230.789228941389
2024-04-30 20:02:11,230.445207243641
2024-04-30 20:02:41,230.049098519312
2024-04-30 20:03:11,230.055308649198
2024-04-30 20:03:41,229.903978420586
2024-04-30 20:04:11,229.630258944115
2024-04-30 20:04:41,230.003636817576
2024-04-30 20:05:11,230.009846947461
2024-04-30 20:05:41,229.736127470991
2024-04-30 20:06:11,230.022267207232
2024-04-30 20:06:41,229.906088089259
2024-04-30 20:07:11,229.877147108505
2024-04-30 20:07:41,229.883357238391
2024-04-30 20:08:11,229.64478887256
2024-04-30 20:08:41,229.458307533308
2024-04-30 20:09:11,229.271826194057
2024-04-30 20:09:41,228.367945283597
2024-04-30 20:10:11,227.901534337991
2024-04-30 20:10:41,227.435123392384
2024-04-30 20:11:11,227.039014668055
2024-04-30 20:11:41,226.730144080946
2024-04-30 20:12:11,226.054105750262
2024-04-30 20:12:41,224.345587131373
2024-04-30 20:13:11,220.870252737132
2024-04-30 20:13:41,218.008143860939
2024-04-30 20:14:11,215.968887887872
2024-04-30 20:14:41,215.101437366808
2024-04-30 20:15:11,215.877134094482
2024-04-30 20:15:41,217.229625950809
2024-04-30 20:16:11,218.914134440072
2024-04-30 20:16:41,220.476253681477
2024-04-30 20:17:11,221.268886325092
2024-04-30 20:17:41,222.009431942127
2024-04-30 20:18:11,222.225269457091
2024-04-30 20:18:41,222.826489910327
2024-04-30 20:19:11,223.235018894426
2024-04-30 20:19:41,223.713850099804
2024-04-30 20:20:11,223.877600588186
2024-04-30 20:20:41,223.691119248935
2024-04-30 20:21:11,223.539789020323
2024-04-30 20:21:41,223.493912123629
2024-04-30 20:22:11,223.464971142875
2024-04-30 20:22:41,223.400879051482
2024-04-30 20:23:11,223.004770327154
2024-04-30 20:23:41,223.57083966975
2024-04-30 20:24:11,223.139579834783
2024-04-30 20:24:41,223.338481433805
2024-04-30 20:25:11,223.187151205193
2024-04-30 20:25:41,223.350901693575
2024-04-30 20:26:11,223.094118133046
2024-04-30 20:26:41,223.065177152293
2024-04-30 20:27:11,222.826608786461
2024-04-30 20:27:41,222.675278557849
2024-04-30 20:28:11,222.961418294091
2024-04-30 20:28:41,222.915541397396
2024-04-30 20:29:11,223.044140775139
2024-04-30 20:29:41,223.172740152883
2024-04-30 20:30:11,222.934171787052
2024-04-30 20:30:41,222.747690447801
2024-04-30 20:31:11,222.683598356408
2024-04-30 20:31:41,222.094798162943
2024-04-30 20:32:11,221.628387217336
2024-04-30 20:32:41,221.004435913232
2024-04-30 20:33:11,220.695565326123
2024-04-30 20:33:41,220.351543628374
2024-04-30 20:34:11,219.885132682767
2024-04-30 20:34:41,219.611413206297
2024-04-30 20:35:11,218.357300468203
2024-04-30 20:35:41,217.575808805602
2024-04-30 20:36:11,216.916706390858
2024-04-30 20:36:41,216.327906197393
2024-04-30 20:37:11,216.526807796415
2024-04-30 20:37:41,217.478260077285
2024-04-30 20:38:11,218.464863468794
2024-04-30 20:38:41,218.978845784811
2024-04-30 20:39:11,219.072294051915
2024-04-30 20:39:41,218.920963823303
2024-04-30 20:40:11,219.049563201047
2024-04-30 20:40:41,218.460763007582
2024-04-30 20:41:11,218.116741309834
2024-04-30 20:41:41,217.527941116368
2024-04-30 20:42:11,216.868838701625
2024-04-30 20:42:41,216.595119225155
2024-04-30 20:43:11,216.093557168909
2024-04-30 20:43:41,215.819837692439
2024-04-30 20:44:11,215.668507463827
2024-04-30 20:44:41,215.552328345854
2024-04-30 20:45:11,215.558538475739
2024-04-30 20:45:41,216.317299287473
2024-04-30 20:46:11,216.2011201695
2024-04-30 20:46:41,216.084941051527
2024-04-30 20:47:11,215.583378995281
2024-04-30 20:47:41,212.631473424355
2024-04-30 20:48:11,210.081886707643
2024-04-30 20:48:41,208.70538472169
2024-04-30 20:49:11,209.586534781282
2024-04-30 20:49:41,211.763158819492
2024-04-30 20:50:11,212.942453680138
2024-04-30 20:50:41,214.051446319505
2024-04-30 20:51:11,214.495126414243
2024-04-30 20:51:41,214.536487654768
2024-04-30 20:52:11,214.262768178298
2024-04-30 20:52:41,214.356216445402
2024-04-30 20:53:11,213.889805499795
2024-04-30 20:53:41,213.423394554189
2024-04-30 20:54:11,213.272064325577
2024-04-30 20:54:41,212.80565337997
2024-04-30 20:55:11,212.689474261997
2024-04-30 20:55:41,212.065522957893
2024-04-30 20:56:11,212.036581977139
2024-04-30 20:56:41,211.885251748527
2024-04-30 20:57:11,211.646683382696
2024-04-30 20:57:41,211.652893512581
2024-04-30 20:58:11,211.816644000964
2024-04-30 20:58:41,212.295475206342
2024-04-30 20:59:11,212.494376805364
2024-04-30 20:59:41,212.693278404386
2024-04-30 21:00:11,212.664337423632
2024-04-30 21:00:41,212.477856084381
2024-04-30 21:01:11,211.06620298779
2024-04-30 21:01:41,210.442251683685
2024-04-30 21:02:11,210.010991848718
2024-04-30 21:02:41,210.297131584959
2024-04-30 21:03:11,210.338492825483
2024-04-30 21:03:41,210.152011486232
2024-04-30 21:04:11,210.035832368259
2024-04-30 21:04:41,209.762112891789
2024-04-30 21:05:11,209.890712269533
2024-04-30 21:05:41,209.704230930282
2024-04-30 21:06:11,209.710441060167
2024-04-30 21:06:41,209.156791977341
2024-04-30 21:07:11,209.51323393486
2024-04-30 21:07:41,209.712135533882
2024-04-30 21:08:11,209.805583800987
2024-04-30 21:08:41,209.654253572375
2024-04-30 21:09:11,209.502923343763
2024-04-30 21:09:41,209.789063080004
2024-04-30 21:10:11,209.042722528042
2024-04-30 21:10:41,207.666220542089
2024-04-30 21:11:11,207.129507375205
2024-04-30 21:11:41,206.418317933881
2024-04-30 21:12:11,206.546917311625
2024-04-30 21:12:41,207.375980344636
2024-04-30 21:13:11,207.382190474522
2024-04-30 21:13:41,207.703481321402
2024-04-30 21:14:11,207.55215109279
2024-04-30 21:14:41,207.243280505681
2024-04-30 21:15:11,207.5997224632
2024-04-30 21:15:41,208.078553668578
2024-04-30 21:16:11,209.747405520656
2024-04-30 21:16:41,211.959180669505
2024-04-30 21:17:11,214.521187645988
2024-04-30 21:17:41,216.697811684198
2024-04-30 21:18:11,216.336854070509
2024-04-30 21:18:41,215.064526137717
2024-04-30 21:19:11,211.675150601938
2024-04-30 21:19:41,209.895050483015
2024-04-30 21:20:11,208.04592742157
2024-04-30 21:20:41,206.984506152613
2024-04-30 21:21:11,206.23816560065
2024-04-30 21:21:41,205.456673938049
2024-04-30 21:22:11,205.182954461578
2024-04-30 21:22:41,205.46909419782
2024-04-30 21:23:11,205.195374721349
2024-04-30 21:23:41,204.641725638523
2024-04-30 21:24:11,204.052925445058
2024-04-30 21:24:41,203.901595216446
2024-04-30 21:25:11,203.715113877195
2024-04-30 21:25:41,203.878864365578
2024-04-30 21:26:11,203.605144889108
2024-04-30 21:26:41,203.891284625349
2024-04-30 21:27:11,204.019884003092
2024-04-30 21:27:41,204.026094132978
2024-04-30 21:28:11,203.874763904366
2024-04-30 21:28:41,203.285963710901
2024-04-30 21:29:11,203.572103447142
2024-04-30 21:29:41,203.578313577027
2024-04-30 21:30:11,203.706912954771
2024-04-30 21:30:41,203.713123084656
2024-04-30 21:31:11,203.754484325181
2024-04-30 21:31:41,203.760694455066
2024-04-30 21:32:11,203.88929383281
2024-04-30 21:32:41,203.178104391487
2024-04-30 21:33:11,202.361461618246
2024-04-30 21:33:41,200.477187446163
2024-04-30 21:34:11,198.943145101713
2024-04-30 21:34:41,198.441583045467
2024-04-30 21:35:11,198.640484644489
2024-04-30 21:35:41,199.154466960506
2024-04-30 21:36:11,199.28306633825
2024-04-30 21:36:41,198.571876896926
2024-04-30 21:37:11,198.07031484068
2024-04-30 21:37:41,197.726293142932
2024-04-30 21:38:11,197.137492949467
2024-04-30 21:38:41,196.863773472996
2024-04-30 21:39:11,197.62253428473
2024-04-30 21:39:41,197.628744414615
2024-04-30 21:40:11,197.634954544501
2024-04-30 21:40:41,197.396386178669
2024-04-30 21:41:11,197.997606631905
2024-04-30 21:41:41,198.126206009649
2024-04-30 21:42:11,197.974875781037
2024-04-30 21:42:41,197.543615946069
2024-04-30 21:43:11,197.987296040808
2024-04-30 21:43:41,198.816359073819
2024-04-30 21:44:11,199.890200602548
2024-04-30 21:44:41,200.526572166423
2024-04-30 21:45:11,200.812711902664
2024-04-30 21:45:41,200.381452067696
2024-04-30 21:46:11,200.387662197581
2024-04-30 21:46:41,200.271483079608
2024-04-30 21:47:11,200.190455072275
2024-04-30 21:47:41,200.161514091521
2024-04-30 21:48:11,199.97503275227
2024-04-30 21:48:41,199.543772917302
2024-04-30 21:49:11,199.077361971695
2024-04-30 21:49:41,198.926031743083
2024-04-30 21:50:11,198.179691191121
2024-04-30 21:50:41,198.115599099728
2024-04-30 21:51:11,197.806728512619
2024-04-30 21:51:41,197.812938642504
2024-04-30 21:52:11,197.381678807537
2024-04-30 21:52:41,197.387888937422
2024-04-30 21:53:11,197.079018350312
2024-04-30 21:53:41,196.455067046208
2024-04-30 21:54:11,196.426126065455
2024-04-30 21:54:41,196.239644726204
2024-04-30 21:55:11,195.615693422099
2024-04-30 21:55:41,194.554272153142
2024-04-30 21:56:11,194.087861207535
2024-04-30 21:56:41,193.586299151289
2024-04-30 21:57:11,193.470120033317
2024-04-30 21:57:41,193.633870521699
2024-04-30 21:58:11,193.832772120721
2024-04-30 21:58:41,193.681441892109
2024-04-30 21:59:11,193.687652021995
2024-04-30 21:59:41,192.136673761604
2024-04-30 22:00:11,189.606581518347
2024-04-30 22:00:41,187.146791496368
2024-04-30 22:01:11,185.578877320036
2024-04-30 22:01:41,186.810259207262
2024-04-30 22:02:11,188.268204395506
2024-04-30 22:02:41,190.215706575183
2024-04-30 22:03:11,191.51611140493
2024-04-30 22:03:41,192.886818455955
2024-04-30 22:04:11,193.855206652766
2024-04-30 22:04:41,193.826265672012
2024-04-30 22:05:11,193.832475801898
2024-04-30 22:05:41,194.153766648778
2024-04-30 22:06:11,194.439906385019
2024-04-30 22:06:41,194.568505762763
2024-04-30 22:07:11,194.137245927795
2024-04-30 22:07:41,194.423385664036
2024-04-30 22:08:11,193.992125829069
2024-04-30 22:08:41,194.033487069593
2024-04-30 22:09:11,194.039697199479
2024-04-30 22:09:41,193.888366970867
2024-04-30 22:10:11,193.929728211391
2024-04-30 22:10:41,194.251019058271
2024-04-30 22:11:11,194.659548042371
2024-04-30 22:11:41,194.858449641393
2024-04-30 22:12:11,194.392038695786
2024-04-30 22:12:41,193.925627750179
2024-04-30 22:13:11,193.896686769425
2024-04-30 22:13:41,193.587816182316
2024-04-30 22:14:11,193.436485953704
2024-04-30 22:14:41,193.250004614453
2024-04-30 22:15:11,193.098674385841
2024-04-30 22:15:41,192.947344157229
2024-04-30 22:16:11,192.480933211622
2024-04-30 22:16:41,190.281578322544
2024-04-30 22:17:11,189.220157053587
2024-04-30 22:17:41,188.438665390985
2024-04-30 22:18:11,188.724805127226
2024-04-30 22:18:41,189.711408518735
2024-04-30 22:19:11,190.733163020883
2024-04-30 22:19:41,190.826611287988
2024-04-30 22:20:11,190.675281059376
2024-04-30 22:20:41,189.613859790419
2024-04-30 22:21:11,188.954757375675
2024-04-30 22:21:41,188.488346430068
2024-04-30 22:22:11,187.584465519608
2024-04-30 22:22:41,186.925363104865
2024-04-30 22:23:11,185.776703698689
2024-04-30 22:23:41,185.660524580716
2024-04-30 22:24:11,185.666734710601
2024-04-30 22:24:41,185.672944840487
2024-04-30 22:25:11,185.80154421823
2024-04-30 22:25:41,185.685365100257
2024-04-30 22:26:11,185.971504836499
2024-04-30 22:26:41,185.732936470667
2024-04-30 22:27:11,186.211767676045
2024-04-30 22:27:41,187.180155872856
2024-04-30 22:28:11,187.22151711338
2024-04-30 22:28:41,187.507656849622
2024-04-30 22:29:11,187.163635151873
2024-04-30 22:29:41,187.362536750895
2024-04-30 22:30:11,187.841367956273
2024-04-30 22:30:41,188.757669126503
2024-04-30 22:31:11,188.921419614886
2024-04-30 22:31:41,189.120321213908
2024-04-30 22:32:11,189.37130983951
2024-04-30 22:32:41,189.010352225821
2024-04-30 22:33:11,189.41888120992
2024-04-30 22:33:41,189.302702091947
2024-04-30 22:34:11,188.87144225698
2024-04-30 22:34:41,188.440182422012
2024-04-30 22:35:11,187.781080007269
2024-04-30 22:35:41,187.629749778657
2024-04-30 22:36:11,187.478419550045
2024-04-30 22:36:41,187.204700073574
2024-04-30 22:37:11,186.983067623684
2024-04-30 22:37:41,186.236727071722
2024-04-30 22:38:11,185.490386519759
2024-04-30 22:38:41,185.339056291147
2024-04-30 22:39:11,185.380417531672
2024-04-30 22:39:41,185.631406157274
2024-04-30 22:40:11,185.55037814994
2024-04-30 22:40:41,185.206356452191
2024-04-30 22:41:11,185.247717692716
2024-04-30 22:41:41,184.658917499251
2024-04-30 22:42:11,182.932183685665
2024-04-30 22:42:41,181.958000553927
2024-04-30 22:43:11,181.456438497681
2024-04-30 22:43:41,181.655340096703
2024-04-30 22:44:11,181.976630943583
2024-04-30 22:44:41,182.45546214896
2024-04-30 22:45:11,182.584061526704
2024-04-30 22:45:41,182.940503484224
2024-04-30 22:46:11,183.419334689601
2024-04-30 22:46:41,184.335635859832
2024-04-30 22:47:11,185.322239251341
2024-04-30 22:47:41,186.273691532211
2024-04-30 22:48:11,185.527350980248
2024-04-30 22:48:41,184.658621180427
2024-04-30 22:49:11,183.877129517826
2024-04-30 22:49:41,183.060486744585
2024-04-30 22:50:11,182.401384329842
2024-04-30 22:50:41,181.847735247016
2024-04-30 22:51:11,181.661253907765
2024-04-30 22:51:41,181.0724537143
2024-04-30 22:52:11,181.760912304755
2024-04-30 22:52:41,181.329652469787
2024-04-30 22:53:11,181.091084103956
2024-04-30 22:53:41,181.342072729558
2024-04-30 22:54:11,181.943293182794
2024-04-30 22:54:41,188.865622449381
2024-04-30 22:55:11,191.27264762488
2024-04-30 22:55:41,189.68651825385
2024-04-30 22:56:11,186.173474191456
2024-04-30 22:56:41,184.323071851255
2024-04-30 22:57:11,182.595058758912
2024-04-30 22:57:41,181.200341578262
2024-04-30 22:58:11,180.698779522016
2024-04-30 22:58:41,180.599536319984
2024-04-30 22:59:11,180.133125374377
2024-04-30 22:59:41,180.29687586276
2024-04-30 23:00:11,180.303085992645
2024-04-30 23:00:41,180.151755764033
2024-04-30 23:01:11,180.245204031138
2024-04-30 23:01:41,180.216263050384
2024-04-30 23:02:11,180.624792034484
2024-04-30 23:02:41,180.59585105373
2024-04-30 23:03:11,180.042201970904
2024-04-30 23:03:41,180.205952459287
2024-04-30 23:04:11,179.582001155183
2024-04-30 23:04:41,177.540186624602
2024-04-30 23:05:11,176.758694962
2024-04-30 23:05:41,176.764905091886
2024-04-30 23:06:11,177.803595509975
2024-04-30 23:06:41,178.790198901484
2024-04-30 23:07:11,179.548959713217
2024-04-30 23:07:41,180.027790918595
2024-04-30 23:08:11,181.171934668601
2024-04-30 23:08:41,181.843457343115
2024-04-30 23:09:11,183.074839230341
2024-04-30 23:09:41,183.553670435718
2024-04-30 23:10:11,183.279950959248
2024-04-30 23:10:41,181.990687110515
2024-04-30 23:11:11,180.334255518207
2024-04-30 23:11:41,179.307985359889
2024-04-30 23:12:11,178.613731834507
2024-04-30 23:12:41,177.989780530403
2024-04-30 23:13:11,177.121050730582
2024-04-30 23:13:41,176.847331254111
2024-04-30 23:14:11,176.380920308505
2024-04-30 23:14:41,176.072049721395
2024-04-30 23:15:11,176.1654979885
2024-04-30 23:15:41,175.821476290751
2024-04-30 23:16:11,175.950075668495
2024-04-30 23:16:41,175.833896550522
2024-04-30 23:17:11,175.717717432549
2024-04-30 23:17:41,175.286457597582
2024-04-30 23:18:11,173.717264142493
2024-04-30 23:18:41,173.723474272378
2024-04-30 23:19:11,173.764835512903
2024-04-30 23:19:41,174.208515607641
2024-04-30 23:20:11,174.249876848166
2024-04-30 23:20:41,174.343325115271
2024-04-30 23:21:11,173.719373811166
2024-04-30 23:21:41,173.410503224057
2024-04-30 23:22:11,173.539102601801
2024-04-30 23:22:41,173.26538312533
2024-04-30 23:23:11,173.62182508285
2024-04-30 23:23:41,173.628035212735
2024-04-30 23:24:11,173.704547563899
2024-04-30 23:24:41,173.797995831003
2024-04-30 23:25:11,173.524276354533
2024-04-30 23:25:41,173.652875732277
2024-04-30 23:26:11,173.536696614304
2024-04-30 23:26:41,173.350215275053
2024-04-30 23:27:11,173.041344687944
2024-04-30 23:27:41,173.047554817829
2024-04-30 23:28:11,172.896224589217
2024-04-30 23:28:41,173.024823966961
2024-04-30 23:29:11,172.995882986207
2024-04-30 23:29:41,172.442233903381
2024-04-30 23:30:11,172.25575256413
2024-04-30 23:30:41,172.104422335518
2024-04-30 23:31:11,171.795551748409
2024-04-30 23:31:41,171.959302236791
2024-04-30 23:32:11,171.843123118819
2024-04-30 23:32:41,171.691792890206
2024-04-30 23:33:11,171.575613772234
2024-04-30 23:33:41,171.861753508475
2024-04-30 23:34:11,171.745574390502
2024-04-30 23:34:41,171.909324878885
2024-04-30 23:35:11,172.230615725765
2024-04-30 23:35:41,172.114436607792
2024-04-30 23:36:11,172.558116702531
2024-04-30 23:36:41,172.564326832416
2024-04-30 23:37:11,171.310214094322
2024-04-30 23:37:41,170.248792825365
2024-04-30 23:38:11,170.377392203109
2024-04-30 23:38:41,170.821072297847
2024-04-30 23:39:11,170.98482278623
2024-04-30 23:39:41,171.183724385252
2024-04-30 23:40:11,171.03239415664
2024-04-30 23:40:41,171.318533892881
2024-04-30 23:41:11,171.07996552705
2024-04-30 23:41:41,170.928635298438
2024-04-30 23:42:11,170.934845428323
2024-04-30 23:42:41,171.063444806067
2024-04-30 23:43:11,171.262346405089
2024-04-30 23:43:41,171.146167287116
2024-04-30 23:44:11,172.220008815844
2024-04-30 23:44:41,173.049071848856
2024-04-30 23:45:11,174.753074811573
2024-04-30 23:45:41,175.739678203082
2024-04-30 23:46:11,175.623499085109
2024-04-30 23:46:41,175.086785918224
2024-04-30 23:47:11,174.182905007765
2024-04-30 23:47:41,173.488651482382
2024-04-30 23:48:11,173.057391647414
2024-04-30 23:48:41,172.783672170944
2024-04-30 23:49:11,172.947422659327
2024-04-30 23:49:41,172.796092430715
2024-04-30 23:50:11,173.554853242448
2024-04-30 23:50:41,176.624632405063
2024-04-30 23:51:11,189.793930427452
2024-04-30 23:51:41,216.266920784901
2024-04-30 23:52:11,250.301848350225
2024-04-30 23:52:41,279.137944085135
2024-04-30 23:53:11,290.994832212965
2024-04-30 23:53:41,282.686554453127
2024-04-30 23:54:11,260.427487008299
2024-04-30 23:54:41,233.792440636182
2024-04-30 23:55:11,210.797758425446
2024-04-30 23:55:41,194.069539443968
2024-04-30 23:56:11,183.257551864113
2024-04-30 23:56:41,177.049385791321
2024-04-30 23:57:11,172.959546600274
2024-04-30 23:57:41,170.917732069694
2024-04-30 23:58:11,169.628468220961
2024-04-30 23:58:41,168.969365806217
2024-04-30 23:59:11,168.187874143616
2024-04-30 23:59:41,167.879003556506
2024-05-01 00:00:11,167.850062575753
2024-05-01 00:00:41,167.296413492927
2024-05-01 00:01:11,167.267472512173
2024-05-01 00:01:41,167.431223000556
2024-05-01 00:02:11,167.157503524086
2024-05-01 00:02:41,167.006173295474
2024-05-01 00:03:11,166.574913460506
2024-05-01 00:03:41,166.510821369113
2024-05-01 00:04:11,165.764480817151
2024-05-01 00:04:41,163.845055534428
2024-05-01 00:05:11,162.783634265471
2024-05-01 00:05:41,162.632304036859
2024-05-01 00:06:11,163.111135242236
2024-05-01 00:06:41,163.310036841258
2024-05-01 00:07:11,163.438636219002
2024-05-01 00:07:41,163.409695238248
2024-05-01 00:08:11,163.01358651392
2024-05-01 00:08:41,163.177337002303
2024-05-01 00:09:11,163.270785269407
2024-05-01 00:09:41,163.469686868429
2024-05-01 00:10:11,163.668588467451
2024-05-01 00:10:41,164.11226856219
2024-05-01 00:11:11,164.311170161211
2024-05-01 00:11:41,164.474920649594
2024-05-01 00:12:11,164.953751854972
2024-05-01 00:12:41,164.680032378502
2024-05-01 00:13:11,164.493551039251
2024-05-01 00:13:41,164.21983156278
2024-05-01 00:14:11,164.103652444807
2024-05-01 00:14:41,164.389792181049
2024-05-01 00:15:11,164.431153421573
2024-05-01 00:15:41,165.067524985448
2024-05-01 00:16:11,165.633594328045
2024-05-01 00:16:41,165.359874851575
2024-05-01 00:17:11,165.523625339957
2024-05-01 00:17:41,165.68737582834
2024-05-01 00:18:11,165.378505241231
2024-05-01 00:18:41,165.419866481755
2024-05-01 00:19:11,165.233385142504
2024-05-01 00:19:41,165.23959527239
2024-05-01 00:20:11,164.843486548061
2024-05-01 00:20:41,165.129626284302
2024-05-01 00:21:11,165.258225662046
2024-05-01 00:21:41,165.264435791931
2024-05-01 00:22:11,165.463337390953
2024-05-01 00:22:41,165.312007162341
2024-05-01 00:23:11,165.12552582309
2024-05-01 00:23:41,165.202038174254
2024-05-01 00:24:11,165.015556835003
2024-05-01 00:24:41,164.89937771703
2024-05-01 00:25:11,164.62565824056
2024-05-01 00:25:41,164.31678765345
2024-05-01 00:26:11,164.480538141833
2024-05-01 00:26:41,164.766677878074
2024-05-01 00:27:11,164.370569153745
2024-05-01 00:27:41,165.09417885484
2024-05-01 00:28:11,165.450620812359
2024-05-01 00:28:41,166.209381624092
2024-05-01 00:29:11,166.530672470973
2024-05-01 00:29:41,166.379342242361
2024-05-01 00:30:11,165.790542048896
2024-05-01 00:30:41,164.973899275655
2024-05-01 00:31:11,164.507488330048
2024-05-01 00:31:41,164.005926273802
2024-05-01 00:32:11,163.539515328195
2024-05-01 00:32:41,162.95071513473
2024-05-01 00:33:11,163.027227485894
2024-05-01 00:33:41,162.245735823292
2024-05-01 00:34:11,160.92132086392
2024-05-01 00:34:41,159.667208125826
2024-05-01 00:35:11,158.255555029235
2024-05-01 00:35:41,158.261765159121
2024-05-01 00:36:11,159.405908909127
2024-05-01 00:36:41,160.392512300636
2024-05-01 00:37:11,161.501504940003
2024-05-01 00:37:41,161.735557649664
2024-05-01 00:38:11,161.461838173194
2024-05-01 00:38:41,160.960276116948
2024-05-01 00:39:11,161.526345459545
2024-05-01 00:39:41,161.339864120294
2024-05-01 00:40:11,160.978906506604
2024-05-01 00:40:41,160.740338140773
2024-05-01 00:41:11,160.501769774942
2024-05-01 00:41:41,160.29835251975
2024-05-01 00:42:11,160.777183725127
2024-05-01 00:42:41,160.590702385876
2024-05-01 00:43:11,160.684150652981
2024-05-01 00:43:41,160.655209672227
2024-05-01 00:44:11,161.063738656327
2024-05-01 00:44:41,161.19233803407
2024-05-01 00:45:11,160.445997482108
2024-05-01 00:45:41,159.751743956726
2024-05-01 00:46:11,159.565262617474
2024-05-01 00:46:41,159.729013105857
2024-05-01 00:47:11,160.102390979318
2024-05-01 00:47:41,160.143752219842
2024-05-01 00:48:11,159.870032743372
2024-05-01 00:48:41,159.403621797765
2024-05-01 00:49:11,158.727583467081
2024-05-01 00:49:41,158.296323632113
2024-05-01 00:50:11,157.707523438648
2024-05-01 00:50:41,157.626495431314
2024-05-01 00:51:11,156.670527494274
2024-05-01 00:51:41,156.502261349721
2024-05-01 00:52:11,156.578773700884
2024-05-01 00:52:41,156.777675299906
2024-05-01 00:53:11,157.098966146786
2024-05-01 00:53:41,157.594733268105
2024-05-01 00:54:11,157.68818153521
2024-05-01 00:54:41,157.904019050173
2024-05-01 00:55:11,158.119856565136
2024-05-01 00:55:41,158.441147412016
2024-05-01 00:56:11,158.692136037618
2024-05-01 00:56:41,157.823406237797
2024-05-01 00:57:11,156.289363893348
2024-05-01 00:57:41,155.244878540332
2024-05-01 00:58:11,154.971159063861
2024-05-01 00:58:41,155.064607330966
2024-05-01 00:59:11,154.633347495998
2024-05-01 00:59:41,154.604406515245
2024-05-01 01:00:11,154.575465534491
2024-05-01 01:00:41,154.774367133513
2024-05-01 01:01:11,155.060506869754
2024-05-01 01:01:41,155.259408468776
2024-05-01 01:02:11,155.3007697093
2024-05-01 01:02:41,155.937141273175
2024-05-01 01:03:11,156.766204306187
2024-05-01 01:03:41,156.702112214794
2024-05-01 01:04:11,156.270852379826
2024-05-01 01:04:41,155.80444143422
2024-05-01 01:05:11,156.405661887456
2024-05-01 01:05:41,156.44702312798
2024-05-01 01:06:11,157.170632829074
2024-05-01 01:06:41,157.17684295896
2024-05-01 01:07:11,157.183053088845
2024-05-01 01:07:41,156.751793253878
2024-05-01 01:08:11,156.442922666768
2024-05-01 01:08:41,156.134052079659
2024-05-01 01:09:11,156.648034395675
2024-05-01 01:09:41,156.479768251122
2024-05-01 01:10:11,156.083659526794
2024-05-01 01:10:41,156.457037400254
2024-05-01 01:11:11,156.305707171642
2024-05-01 01:11:41,156.749387266381
2024-05-01 01:12:11,157.665688436611
2024-05-01 01:12:41,158.65229182812
2024-05-01 01:13:11,158.37857235165
2024-05-01 01:13:41,157.754621047546
2024-05-01 01:14:11,156.62289755731
2024-05-01 01:14:41,154.966465965002
2024-05-01 01:15:11,154.744833515112
2024-05-01 01:15:41,153.963341852511
2024-05-01 01:16:11,153.496930906904
2024-05-01 01:16:41,153.240147346375
2024-05-01 01:17:11,153.123968228402
2024-05-01 01:17:41,152.815097641293
2024-05-01 01:18:11,152.943697019036
2024-05-01 01:18:41,152.669977542566
2024-05-01 01:19:11,153.306349106441
2024-05-01 01:19:41,153.190169988468
2024-05-01 01:20:11,153.984081910841
2024-05-01 01:20:41,153.832751682228
2024-05-01 01:21:11,153.716572564256
2024-05-01 01:21:41,153.407701977146
2024-05-01 01:22:11,152.066351101833
2024-05-01 01:22:41,151.792631625363
2024-05-01 01:23:11,151.326220679756
2024-05-01 01:23:41,150.124194968242
2024-05-01 01:24:11,148.834931119509
2024-05-01 01:24:41,148.368520173903
2024-05-01 01:25:11,148.532270662286
2024-05-01 01:25:41,149.25588036338
2024-05-01 01:26:11,149.612322320899
2024-05-01 01:26:41,149.653683561424
2024-05-01 01:27:11,150.21975290402
2024-05-01 01:27:41,149.94603342755
2024-05-01 01:28:11,149.952243557436
2024-05-01 01:28:41,149.485832611829
2024-05-01 01:29:11,149.019421666222
2024-05-01 01:29:41,148.588161831254
2024-05-01 01:30:11,148.50713382392
2024-05-01 01:30:41,148.146176210231
2024-05-01 01:31:11,148.187537450755
2024-05-01 01:31:41,147.965905000865
2024-05-01 01:32:11,147.621883303117
2024-05-01 01:32:41,147.908023039358
2024-05-01 01:33:11,148.194162775599
2024-05-01 01:33:41,149.145615056469
2024-05-01 01:34:11,150.289758806475
2024-05-01 01:34:41,150.92613037035
2024-05-01 01:35:11,151.212270106591
2024-05-01 01:35:41,151.096090988619
2024-05-01 01:36:11,150.507290795153
2024-05-01 01:36:41,150.635890172897
2024-05-01 01:37:11,150.642100302783
2024-05-01 01:37:41,150.613159322029
2024-05-01 01:38:11,150.812060921051
2024-05-01 01:38:41,150.905509188155
2024-05-01 01:39:11,150.474249353188
2024-05-01 01:39:41,150.358070235215
2024-05-01 01:40:11,150.959290688451
2024-05-01 01:40:41,150.528030853483
2024-05-01 01:41:11,150.849321700363
2024-05-01 01:41:41,150.697991471751
2024-05-01 01:42:11,150.861741960134
2024-05-01 01:42:41,151.025492448517
2024-05-01 01:43:11,150.839011109266
2024-05-01 01:43:41,150.617378659376
2024-05-01 01:44:11,150.413961404184
2024-05-01 01:44:41,149.947550458577
2024-05-01 01:45:11,149.831371340604
2024-05-01 01:45:41,149.522500753494
2024-05-01 01:46:11,148.863398338751
2024-05-01 01:46:41,147.801977069794
2024-05-01 01:47:11,148.052965695396
2024-05-01 01:47:41,148.251867294418
2024-05-01 01:48:11,149.080930327429
2024-05-01 01:48:41,149.489459311529
2024-05-01 01:49:11,149.338129082917
2024-05-01 01:49:41,148.994107385168
2024-05-01 01:50:11,148.125377585348
2024-05-01 01:50:41,147.69411775038
2024-05-01 01:51:11,147.980257486621
2024-05-01 01:51:41,147.986467616506
2024-05-01 01:52:11,147.712748140036
2024-05-01 01:52:41,147.246337194429
2024-05-01 01:53:11,147.374936572173
2024-05-01 01:53:41,147.293908564839
2024-05-01 01:54:11,147.387356831944
2024-05-01 01:54:41,147.831036926682
2024-05-01 01:55:11,148.029938525704
2024-05-01 01:55:41,148.071299766229
2024-05-01 01:56:11,148.042358785475
2024-05-01 01:56:41,147.926179667502
2024-05-01 01:57:11,147.459768721895
2024-05-01 01:57:41,147.623519210278
2024-05-01 01:58:11,147.069870127452
2024-05-01 01:58:41,146.91853989884
2024-05-01 01:59:11,146.64482042237
2024-05-01 01:59:41,146.895809047972
2024-05-01 02:00:11,146.779629929999
2024-05-01 02:00:41,146.943380418382
2024-05-01 02:01:11,146.949590548267
2024-05-01 02:01:41,147.235730284509
2024-05-01 02:02:11,146.717232312322
2024-05-01 02:02:41,145.358945521067
2024-05-01 02:03:11,144.945900880798
2024-05-01 02:03:41,144.112322191616
2024-05-01 02:04:11,144.083381210862
2024-05-01 02:04:41,144.491910194962
2024-05-01 02:05:11,145.0749154535
2024-05-01 02:05:41,145.325904079102
2024-05-01 02:06:11,145.979211558918
2024-05-01 02:06:41,145.512800613311
2024-05-01 02:07:11,145.676551101694
2024-05-01 02:07:41,145.490069762443
2024-05-01 02:08:11,145.968900967821
2024-05-01 02:08:41,146.290191814701
2024-05-01 02:09:11,146.331553055225
2024-05-01 02:09:41,146.495303543608
2024-05-01 02:10:11,146.816594390488
2024-05-01 02:10:41,146.822804520374
2024-05-01 02:11:11,146.829014650259
2024-05-01 02:11:41,147.080003275861
2024-05-01 02:12:11,147.558834481239
2024-05-01 02:12:41,147.565044611124
2024-05-01 02:13:11,147.133784776157
2024-05-01 02:13:41,145.651829458287
2024-05-01 02:14:11,143.96024675534
2024-05-01 02:14:41,143.616225057592
2024-05-01 02:15:11,143.184965222624
2024-05-01 02:15:41,144.258806751352
2024-05-01 02:16:11,144.895178315227
2024-05-01 02:16:41,144.778999197254
2024-05-01 02:17:11,145.415370761129
2024-05-01 02:17:41,145.579121249512
2024-05-01 02:18:11,145.900412096392
2024-05-01 02:18:41,146.029011474136
2024-05-01 02:19:11,145.877681245524
2024-05-01 02:19:41,145.411270299917
2024-05-01 02:20:11,145.189637850027
2024-05-01 02:20:41,145.003156510776
2024-05-01 02:21:11,144.922128503442
2024-05-01 02:21:41,144.928338633328
2024-05-01 02:22:11,144.059608833507
2024-05-01 02:22:41,144.345748569748
2024-05-01 02:23:11,144.54465016877
2024-05-01 02:23:41,144.550860298655
2024-05-01 02:24:11,144.837000034897
2024-05-01 02:24:41,144.563280558426
2024-05-01 02:25:11,144.167171834098
2024-05-01 02:25:41,144.453311570339
2024-05-01 02:26:11,143.864511376874
2024-05-01 02:26:41,143.713181148262
2024-05-01 02:27:11,143.56185091965
2024-05-01 02:27:41,143.970379903749
2024-05-01 02:28:11,143.539120068781
2024-05-01 02:28:41,143.667719446525
2024-05-01 02:29:11,143.429151080694
2024-05-01 02:29:41,143.120280493585
2024-05-01 02:30:11,143.284030981967
2024-05-01 02:30:41,143.290241111853
2024-05-01 02:31:11,143.453991600235
2024-05-01 02:31:41,143.337812482263
2024-05-01 02:32:11,143.13439522707
2024-05-01 02:32:41,142.563810228303
2024-05-01 02:33:11,140.786268666894
2024-05-01 02:33:41,139.533435207557
2024-05-01 02:34:11,139.137326483228
2024-05-01 02:34:41,139.755482852405
2024-05-01 02:35:11,140.303337000304
2024-05-01 02:35:41,141.166271865198
2024-05-01 02:36:11,141.46934751738
2024-05-01 02:36:41,141.92996352806
2024-05-01 02:37:11,142.058562905804
2024-05-01 02:37:41,142.379853752684
2024-05-01 02:38:11,142.543604241067
2024-05-01 02:38:41,142.672203618811
2024-05-01 02:39:11,142.363333031701
2024-05-01 02:39:41,142.054462444592
2024-05-01 02:40:11,141.693504830902
2024-05-01 02:40:41,141.245309079993
2024-05-01 02:41:11,140.604421859948
2024-05-01 02:41:41,140.401004604756
2024-05-01 02:42:11,139.934593659149
2024-05-01 02:42:41,140.430360780468
2024-05-01 02:43:11,141.083668260284
2024-05-01 02:43:41,141.05472727953
2024-05-01 02:44:11,141.183326657274
2024-05-01 02:44:41,141.434315282876
2024-05-01 02:45:11,141.282985054264
2024-05-01 02:45:41,140.729335971438
2024-05-01 02:46:11,139.947844308837
2024-05-01 02:46:41,139.989205549361
2024-05-01 02:47:11,139.435556466535
2024-05-01 02:47:41,140.001625809132
2024-05-01 02:48:11,140.200527408154
2024-05-01 02:48:41,140.364277896537
2024-05-01 02:49:11,139.951233256267
2024-05-01 02:49:41,139.747816001075
2024-05-01 02:50:11,139.526183551185
2024-05-01 02:50:41,139.847474398065
2024-05-01 02:51:11,140.028160802389
2024-05-01 02:51:41,140.839008640702
2024-05-01 02:52:11,140.652527301451
2024-05-01 02:52:41,140.938667037692
2024-05-01 02:53:11,140.822487919719
2024-05-01 02:53:41,140.636006580468
2024-05-01 02:54:11,140.642216710354
2024-05-01 02:54:41,140.333346123244
2024-05-01 02:55:11,140.024475536135
2024-05-01 02:55:41,139.873145307523
2024-05-01 02:56:11,139.686663968272
2024-05-01 02:56:41,139.692874098157
2024-05-01 02:57:11,139.85662458654
2024-05-01 02:57:41,139.827683605786
2024-05-01 02:58:11,139.081343053824
2024-05-01 02:58:41,139.087553183709
2024-05-01 02:59:11,139.058612202956
2024-05-01 02:59:41,139.1872115807
2024-05-01 03:00:11,138.755951745732
2024-05-01 03:00:41,138.639772627759
2024-05-01 03:01:11,138.366053151289
2024-05-01 03:01:41,138.02203145354
2024-05-01 03:02:11,138.185781941923
2024-05-01 03:02:41,137.912062465453
2024-05-01 03:03:11,138.075812953835
2024-05-01 03:03:41,138.361952690077
2024-05-01 03:04:11,138.280924682743
2024-05-01 03:04:41,138.444675171126
2024-05-01 03:05:11,138.48603641165
2024-05-01 03:05:41,139.174495002105
2024-05-01 03:06:11,138.900775525635
2024-05-01 03:06:41,139.222066372515
2024-05-01 03:07:11,139.508206108756
2024-05-01 03:07:41,139.549567349281
2024-05-01 03:08:11,138.925616045177
2024-05-01 03:08:41,138.931826175062
2024-05-01 03:09:11,138.063096375241
2024-05-01 03:09:41,138.034155394488
2024-05-01 03:10:11,137.760435918017
2024-05-01 03:10:41,137.29402497241
2024-05-01 03:11:11,137.300235102296
2024-05-01 03:11:41,137.393683369401
2024-05-01 03:12:11,136.962423534433
2024-05-01 03:12:41,137.318865491952
2024-05-01 03:13:11,136.974843794204
2024-05-01 03:13:41,137.138594282586
2024-05-01 03:14:11,137.057566275253
2024-05-01 03:14:41,137.466095259352
2024-05-01 03:15:11,137.034835424384
2024-05-01 03:15:41,137.076196664909
2024-05-01 03:16:11,136.924866436297
2024-05-01 03:16:41,136.931076566182
2024-05-01 03:17:11,137.217216302423
2024-05-01 03:17:41,136.750805356817
2024-05-01 03:18:11,136.949706955839
2024-05-01 03:18:41,136.483296010232
2024-05-01 03:19:11,136.174425423122
2024-05-01 03:19:41,136.460565159364
2024-05-01 03:20:11,136.151694572254
2024-05-01 03:20:41,135.877975095784
2024-05-01 03:21:11,135.533953398035
2024-05-01 03:21:41,134.594921376936
2024-05-01 03:22:11,134.04127229411
2024-05-01 03:22:41,134.012331313357
2024-05-01 03:23:11,134.368773270876
2024-05-01 03:23:41,134.567674869898
2024-05-01 03:24:11,135.011354964636
2024-05-01 03:24:41,135.175105453019
2024-05-01 03:25:11,135.181315582905
2024-05-01 03:25:41,135.257827934068
2024-05-01 03:26:11,135.351276201173
2024-05-01 03:26:41,135.164794861922
2024-05-01 03:27:11,135.258243129027
2024-05-01 03:27:41,134.862134404698
2024-05-01 03:28:11,134.466025680369
2024-05-01 03:28:41,134.629776168752
2024-05-01 03:29:11,134.565684077359
2024-05-01 03:29:41,134.20472646367
2024-05-01 03:30:11,133.808617739341
2024-05-01 03:30:41,134.059606364943
2024-05-01 03:31:11,133.873125025692
2024-05-01 03:31:41,133.914486266217
2024-05-01 03:32:11,134.358166360955
2024-05-01 03:32:41,134.206836132343
2024-05-01 03:33:11,134.843207696218
2024-05-01 03:33:41,135.479579260093
2024-05-01 03:34:11,137.726505519581
2024-05-01 03:34:41,143.246628196876
2024-05-01 03:35:11,151.84725582284
2024-05-01 03:35:41,160.412732338166
2024-05-01 03:36:11,165.022763975115
2024-05-01 03:36:41,164.328510449733
2024-05-01 03:37:11,159.923590541691
2024-05-01 03:37:41,153.943267048675
2024-05-01 03:38:11,148.541017963068
2024-05-01 03:38:41,144.100946944387
2024-05-01 03:39:11,140.483728828833
2024-05-01 03:39:41,138.039595444038
2024-05-01 03:40:11,136.750331595305
2024-05-01 03:40:41,135.688910326347
2024-05-01 03:41:11,135.25765049138
2024-05-01 03:41:41,134.94877990427
2024-05-01 03:42:11,134.797449675658
2024-05-01 03:42:41,134.488579088549
2024-05-01 03:43:11,134.372399970576
2024-05-01 03:43:41,134.816080065315
2024-05-01 03:44:11,134.577511699483
2024-05-01 03:44:41,134.391030360232
2024-05-01 03:45:11,134.274851242259
2024-05-01 03:45:41,133.300668110521
2024-05-01 03:46:11,131.329155801219
2024-05-01 03:46:41,130.634902275836
2024-05-01 03:47:11,129.695870254737
2024-05-01 03:47:41,129.142221171911
2024-05-01 03:48:11,129.148431301797
2024-05-01 03:48:41,129.119490321043
2024-05-01 03:49:11,129.283240809426
2024-05-01 03:49:41,129.604531656306
2024-05-01 03:50:11,129.453201427694
2024-05-01 03:50:41,129.739341163935
2024-05-01 03:51:11,130.253323479952
2024-05-01 03:51:41,129.909301782203
2024-05-01 03:52:11,129.478041947236
2024-05-01 03:52:41,128.802003616551
2024-05-01 03:53:11,129.123294463432
2024-05-01 03:53:41,129.094353482678
2024-05-01 03:54:11,129.065412501924
2024-05-01 03:54:41,128.914082273312
2024-05-01 03:55:11,128.7627520447
2024-05-01 03:55:41,128.804113285225
2024-05-01 03:56:11,129.090253021466
2024-05-01 03:56:41,129.254003509849
2024-05-01 03:57:11,129.102673281237
2024-05-01 03:57:41,128.793802694127
2024-05-01 03:58:11,129.359872036724
2024-05-01 03:58:41,128.998914423035
2024-05-01 03:59:11,128.725194946564
2024-05-01 03:59:41,129.011334682806
2024-05-01 04:00:11,128.387383378701
2024-05-01 04:00:41,128.673523114942
2024-05-01 04:01:11,128.364652527833
2024-05-01 04:01:41,128.528403016216
2024-05-01 04:02:11,128.814542752457
2024-05-01 04:02:41,129.013444351479
2024-05-01 04:03:11,129.334735198359
2024-05-01 04:03:41,129.305794217606
2024-05-01 04:04:11,129.189615099633
2024-05-01 04:04:41,129.546057057152
2024-05-01 04:05:11,129.832196793393
2024-05-01 04:05:41,129.680866564781
2024-05-01 04:06:11,129.249606729813
2024-05-01 04:06:41,129.13342761184
2024-05-01 04:07:11,129.664345843798
2024-05-01 04:07:41,129.26823711947
2024-05-01 04:08:11,129.204145028077
2024-05-01 04:08:41,129.087965910104
2024-05-01 04:09:11,129.00693790277
2024-05-01 04:09:41,128.820456563519
2024-05-01 04:10:11,129.141747410399
2024-05-01 04:10:41,129.147957540285
2024-05-01 04:11:11,129.346859139307
2024-05-01 04:11:41,129.125226689417
2024-05-01 04:12:11,129.166587929941
2024-05-01 04:12:41,129.172798059826
2024-05-01 04:13:11,129.423786685429
2024-05-01 04:13:41,128.625359106886
2024-05-01 04:14:11,128.911498843127
2024-05-01 04:14:41,129.162487468729
2024-05-01 04:15:11,129.291086846473
2024-05-01 04:15:41,129.664464719933
2024-05-01 04:16:11,129.757912987038
2024-05-01 04:16:41,129.799274227562
2024-05-01 04:17:11,129.612792888311
2024-05-01 04:17:41,129.409375633119
2024-05-01 04:18:11,129.415585763005
2024-05-01 04:18:41,129.492098114168
2024-05-01 04:19:11,129.778237850409
2024-05-01 04:19:41,129.067048409086
2024-05-01 04:20:11,129.265950008108
2024-05-01 04:20:41,129.552089744349
2024-05-01 04:21:11,129.15598102002
2024-05-01 04:21:41,128.724721185053
2024-05-01 04:22:11,128.258310239446
2024-05-01 04:22:41,127.949439652336
2024-05-01 04:23:11,127.798109423724
2024-05-01 04:23:41,127.402000699396
2024-05-01 04:24:11,127.250670470784
2024-05-01 04:24:41,127.134491352811
2024-05-01 04:25:11,127.298241841194
2024-05-01 04:25:41,127.584381577435
2024-05-01 04:26:11,127.153121742467
2024-05-01 04:26:41,127.001791513855
2024-05-01 04:27:11,126.097910603395
2024-05-01 04:27:41,124.96618711316
2024-05-01 04:28:11,124.027155092061
2024-05-01 04:28:41,124.470835186799
2024-05-01 04:29:11,124.879364170899
2024-05-01 04:29:41,125.358195376276
2024-05-01 04:30:11,125.837026581654
2024-05-01 04:30:41,126.315857787032
2024-05-01 04:31:11,125.884597952064
2024-05-01 04:31:41,125.733267723452
2024-05-01 04:32:11,125.58193749484
2024-05-01 04:32:41,125.465758376867
2024-05-01 04:33:11,125.192038900397
2024-05-01 04:33:41,125.005557561146
2024-05-01 04:34:11,124.41675736768
2024-05-01 04:34:41,124.387816386927
2024-05-01 04:35:11,124.673956123168
2024-05-01 04:35:41,124.2426962882
2024-05-01 04:36:11,124.248906418086
2024-05-01 04:36:41,123.975186941615
2024-05-01 04:37:11,124.296477788496
2024-05-01 04:37:41,124.302687918381
2024-05-01 04:38:11,124.186508800408
2024-05-01 04:38:41,124.472648536649
2024-05-01 04:39:11,124.566096803754
2024-05-01 04:39:41,124.48506879642
2024-05-01 04:40:11,124.963900001798
2024-05-01 04:40:41,124.339948697694
2024-05-01 04:41:11,124.223769579721
2024-05-01 04:41:41,124.387520068103
2024-05-01 04:42:11,124.113800591633
2024-05-01 04:42:41,124.014557389601
2024-05-01 04:43:11,123.77598902377
2024-05-01 04:43:41,124.254820229148
2024-05-01 04:44:11,123.981100752677
2024-05-01 04:44:41,123.672230165568
2024-05-01 04:45:11,123.835980653951
2024-05-01 04:45:41,124.157271500831
2024-05-01 04:46:11,124.198632741356
2024-05-01 04:46:41,123.819459932968
2024-05-01 04:47:11,123.860821173493
2024-05-01 04:47:41,123.516799475744
2024-05-01 04:48:11,123.243079999274
2024-05-01 04:48:41,122.58397758453
2024-05-01 04:49:11,121.872788143207
2024-05-01 04:49:41,121.843847162453
2024-05-01 04:50:11,122.165138009334
2024-05-01 04:50:41,122.766358462569
2024-05-01 04:51:11,123.280340778586
2024-05-01 04:51:41,123.286550908472
2024-05-01 04:52:11,122.786268130983
2024-05-01 04:52:41,121.14933101213
2024-05-01 04:53:11,116.977370798891
2024-05-01 04:53:41,113.645199404719
2024-05-01 04:54:11,112.095500423085
2024-05-01 04:54:41,113.132911562418
2024-05-01 04:55:11,115.848621061127
2024-05-01 04:55:41,118.529179449198
2024-05-01 04:56:11,120.790483067114
2024-05-01 04:56:41,121.985434564943
2024-05-01 04:57:11,122.446050575623
2024-05-01 04:57:41,122.941817696941
2024-05-01 04:58:11,123.227957433183
2024-05-01 04:58:41,123.671637527921
2024-05-01 04:59:11,123.922626153523
2024-05-01 04:59:41,124.051225531267
2024-05-01 05:00:11,124.092586771791
2024-05-01 05:00:41,124.256337260174
2024-05-01 05:01:11,124.227396279421
2024-05-01 05:01:41,124.146368272087
2024-05-01 05:02:11,124.397356897689
2024-05-01 05:02:41,124.08848631058
2024-05-01 05:03:11,124.252236798962
2024-05-01 05:03:41,123.750674742716
2024-05-01 05:04:11,123.82718709388
2024-05-01 05:04:41,123.483165396132
2024-05-01 05:05:11,123.646915884514
2024-05-01 05:05:41,123.810666372897
2024-05-01 05:06:11,123.186715068793
2024-05-01 05:06:41,123.385616667815
2024-05-01 05:07:11,124.301917838046
2024-05-01 05:07:41,125.725991194408
2024-05-01 05:08:11,126.239973510424
2024-05-01 05:08:41,125.895951812676
2024-05-01 05:09:11,123.5390565651
2024-05-01 05:09:41,122.127403468509
2024-05-01 05:10:11,121.310760695268
2024-05-01 05:10:41,120.564420143306
2024-05-01 05:11:11,120.60578138383
2024-05-01 05:11:41,120.856770009433
2024-05-01 05:12:11,120.460661285104
2024-05-01 05:12:41,120.309331056492
2024-05-01 05:13:11,119.965309358743
2024-05-01 05:13:41,119.446811386556
2024-05-01 05:14:11,119.330632268584
2024-05-01 05:14:41,119.651923115464
2024-05-01 05:15:11,119.658133245349
2024-05-01 05:15:41,119.979424092229
2024-05-01 05:16:11,120.30071493911
2024-05-01 05:16:41,120.516552454073
2024-05-01 05:17:11,120.645151831816
2024-05-01 05:17:41,120.564123824483
2024-05-01 05:18:11,120.727874312865
2024-05-01 05:18:41,120.541392973614
2024-05-01 05:19:11,120.110133138647
2024-05-01 05:19:41,120.431423985527
2024-05-01 05:20:11,120.717563721768
2024-05-01 05:20:41,119.971223169805
2024-05-01 05:21:11,120.292514016686
2024-05-01 05:21:41,120.018794540215
2024-05-01 05:22:11,120.304934276456
2024-05-01 05:22:41,119.873674441489
2024-05-01 05:23:11,120.317354536227
2024-05-01 05:23:41,120.358715776752
2024-05-01 05:24:11,120.242536658779
2024-05-01 05:24:41,120.615914532239
2024-05-01 05:25:11,120.219805807911
2024-05-01 05:25:41,120.541096654791
2024-05-01 05:26:11,120.389766426179
2024-05-01 05:26:41,120.238436197567
2024-05-01 05:27:11,120.087105968955
2024-05-01 05:27:41,120.09331609884
2024-05-01 05:28:11,120.064375118087
2024-05-01 05:28:41,120.070585247972
2024-05-01 05:29:11,119.796865771502
2024-05-01 05:29:41,119.803075901387
2024-05-01 05:30:11,120.001977500409
2024-05-01 05:30:41,120.130576878153
2024-05-01 05:31:11,119.979246649541
2024-05-01 05:31:41,120.142997137924
2024-05-01 05:32:11,119.939579882732
2024-05-01 05:32:41,119.997877039197
2024-05-01 05:33:11,120.284016775438
2024-05-01 05:33:41,120.325378015963
2024-05-01 05:34:11,120.366739256487
2024-05-01 05:34:41,120.372949386373
2024-05-01 05:35:11,120.501548764116
2024-05-01 05:35:41,120.350218535504
2024-05-01 05:36:11,120.391579776029
2024-05-01 05:36:41,120.800108760128
2024-05-01 05:37:11,120.928708137872
2024-05-01 05:37:41,121.285150095391
2024-05-01 05:38:11,121.011430618921
2024-05-01 05:38:41,119.284696805335
2024-05-01 05:39:11,117.837892598105
2024-05-01 05:39:41,117.213941294001
2024-05-01 05:40:11,116.975372928169
2024-05-01 05:40:41,118.049214456898
2024-05-01 05:41:11,118.84312637927
2024-05-01 05:41:41,119.006876867653
2024-05-01 05:42:11,119.083389218816
2024-05-01 05:42:41,118.844820852985
2024-05-01 05:43:11,119.008571341368
2024-05-01 05:43:41,118.962694444673
2024-05-01 05:44:11,118.653823857564
2024-05-01 05:44:41,118.380104381094
2024-05-01 05:45:11,118.473552648198
2024-05-01 05:45:41,118.7245412738
2024-05-01 05:46:11,119.238523589817
2024-05-01 05:46:41,119.489512215419
2024-05-01 05:47:11,119.215792738949
2024-05-01 05:47:41,119.151700647556
2024-05-01 05:48:11,119.193061888081
2024-05-01 05:48:41,119.164120907327
2024-05-01 05:49:11,118.732861072359
2024-05-01 05:49:41,118.931762671381
2024-05-01 05:50:11,119.060362049125
2024-05-01 05:50:41,118.873880709874
2024-05-01 05:51:11,118.950393061037
2024-05-01 05:51:41,118.956603190923
2024-05-01 05:52:11,118.927662210169
2024-05-01 05:52:41,118.811483092196
2024-05-01 05:53:11,119.325465408213
2024-05-01 05:53:41,119.103832958323
2024-05-01 05:54:11,117.569790613873
2024-05-01 05:54:41,117.103379668266
2024-05-01 05:55:11,117.267130156649
2024-05-01 05:55:41,118.061042079022
2024-05-01 05:56:11,118.697413642897
2024-05-01 05:56:41,119.018704489777
2024-05-01 05:57:11,119.18245497816
2024-05-01 05:57:41,119.416507687821
2024-05-01 05:58:11,119.422717817706
2024-05-01 05:58:41,119.358625726313
2024-05-01 05:59:11,119.364835856199
2024-05-01 05:59:41,119.721277813718
2024-05-01 06:00:11,119.412407226609
2024-05-01 06:00:41,119.541006604352
2024-05-01 06:01:11,119.897448561872
2024-05-01 06:01:41,119.65888019604
2024-05-01 06:02:11,119.787479573784
2024-05-01 06:02:41,119.636149345172
2024-05-01 06:03:11,119.362429868702
2024-05-01 06:03:41,119.175948529451
2024-05-01 06:04:11,118.867077942342
2024-05-01 06:04:41,118.873288072227
2024-05-01 06:05:11,118.599568595757
2024-05-01 06:05:41,118.885708331998
2024-05-01 06:06:11,118.419297386391
2024-05-01 06:06:41,118.110426799282
2024-05-01 06:07:11,118.344479508942
2024-05-01 06:07:41,118.035608921833
2024-05-01 06:08:11,118.00666794108
2024-05-01 06:08:41,117.575408106112
2024-05-01 06:09:11,117.896698952992
2024-05-01 06:09:41,117.850822056297
2024-05-01 06:10:11,117.506800358549
2024-05-01 06:10:41,117.460923461854
2024-05-01 06:11:11,117.624673950237
2024-05-01 06:11:41,117.228565225908
2024-05-01 06:12:11,117.164473134516
2024-05-01 06:12:41,117.415461760118
2024-05-01 06:13:11,118.383849956928
2024-05-01 06:13:41,118.477298224033
2024-05-01 06:14:11,118.203578747563
2024-05-01 06:14:41,117.842621133873
2024-05-01 06:15:11,117.656139794622
2024-05-01 06:15:41,117.539960676649
2024-05-01 06:16:11,117.353479337398
2024-05-01 06:16:41,117.079759860928
2024-05-01 06:17:11,116.70058705254
2024-05-01 06:17:41,117.021877899421
2024-05-01 06:18:11,116.713007312311
2024-05-01 06:18:41,117.034298159191
2024-05-01 06:19:11,117.320437895433
2024-05-01 06:19:41,116.818875839187
2024-05-01 06:20:11,117.017777438209
2024-05-01 06:20:41,117.339068285089
2024-05-01 06:21:11,117.187738056477
2024-05-01 06:21:41,117.316337434221
2024-05-01 06:22:11,117.515239033243
2024-05-01 06:22:41,117.714140632264
2024-05-01 06:23:11,117.440421155794
2024-05-01 06:23:41,116.658929493193
2024-05-01 06:24:11,115.842286719952
2024-05-01 06:24:41,114.973556920131
2024-05-01 06:25:11,114.78707558088
2024-05-01 06:25:41,114.635745352268
2024-05-01 06:26:11,114.921885088509
2024-05-01 06:26:41,114.805705970536
2024-05-01 06:27:11,115.004607569558
2024-05-01 06:27:41,115.763368381291
2024-05-01 06:28:11,115.665404458017
2024-05-01 06:28:41,116.214537884672
2024-05-01 06:29:11,117.2883794134
2024-05-01 06:29:41,118.362220942129
2024-05-01 06:30:11,118.298128850736
2024-05-01 06:30:41,117.639026435993
2024-05-01 06:31:11,116.979924021249
2024-05-01 06:31:41,115.883351641653
2024-05-01 06:32:11,114.944319620554
2024-05-01 06:32:41,114.442757564308
2024-05-01 06:33:11,114.081799950618
2024-05-01 06:33:41,114.052858969865
2024-05-01 06:34:11,114.05906909975
2024-05-01 06:34:41,113.83743664986
2024-05-01 06:35:11,113.318938677673
2024-05-01 06:35:41,113.499625081997
2024-05-01 06:36:11,113.313143742746
2024-05-01 06:36:41,113.074575376915
2024-05-01 06:37:11,113.168023644019
2024-05-01 06:37:41,113.279687105822
2024-05-01 06:38:11,113.636129063341
2024-05-01 06:38:41,114.237349516577
2024-05-01 06:39:11,114.278710757102
2024-05-01 06:39:41,114.792693073119
2024-05-01 06:40:11,114.361433238151
2024-05-01 06:40:41,114.490032615895
2024-05-01 06:41:11,114.373853497922
2024-05-01 06:41:41,114.187372158671
2024-05-01 06:42:11,114.351122647053
2024-05-01 06:42:41,114.357332776939
2024-05-01 06:43:11,113.926072941971
2024-05-01 06:43:41,113.967434182496
2024-05-01 06:44:11,113.501023236889
2024-05-01 06:44:41,113.78716297313
2024-05-01 06:45:11,114.10845382001
2024-05-01 06:45:41,113.992274702037
2024-05-01 06:46:11,113.963333721284
2024-05-01 06:46:41,114.004694961808
2024-05-01 06:47:11,114.098143228913
2024-05-01 06:47:41,114.104353358798
2024-05-01 06:48:11,113.358012806836
2024-05-01 06:48:41,113.013991109087
2024-05-01 06:49:11,112.740271632617
2024-05-01 06:49:41,112.711330651863
2024-05-01 06:50:11,113.540393684875
2024-05-01 06:50:41,114.141614138111
2024-05-01 06:51:11,114.182975378635
2024-05-01 06:51:41,113.874104791526
2024-05-01 06:52:11,114.195395638406
2024-05-01 06:52:41,113.921676161936
2024-05-01 06:53:11,113.770345933324
2024-05-01 06:53:41,113.426324235575
2024-05-01 06:54:11,113.187755869744
2024-05-01 06:54:41,113.193965999629
2024-05-01 06:55:11,113.322565377373
2024-05-01 06:55:41,113.451164755117
2024-05-01 06:56:11,113.142294168008
2024-05-01 06:56:41,113.183655408532
2024-05-01 06:57:11,113.03232517992
2024-05-01 06:57:41,112.565914234313
2024-05-01 06:58:11,112.607275474838
2024-05-01 06:58:41,112.735874852582
2024-05-01 06:59:11,113.17955494732
2024-05-01 06:59:41,112.90583547085
2024-05-01 07:00:11,112.474575635882
2024-05-01 07:00:41,112.603175013626
2024-05-01 07:01:11,112.329455537156
2024-05-01 07:01:41,112.458054914899
2024-05-01 07:02:11,112.184335438429
2024-05-01 07:02:41,112.068156320456
2024-05-01 07:03:11,111.51450723763
2024-05-01 07:03:41,111.346241093077
2024-05-01 07:04:11,111.055585700665
2024-05-01 07:04:41,110.659476976337
2024-05-01 07:05:11,110.665687106222
2024-05-01 07:05:41,111.231756448819
2024-05-01 07:06:11,111.797825791416
2024-05-01 07:06:41,112.451133271232
2024-05-01 07:07:11,112.702121896834
2024-05-01 07:07:41,112.988261633075
2024-05-01 07:08:11,113.0296228736
2024-05-01 07:08:41,113.052768919426
2024-05-01 07:09:11,113.12928127059
2024-05-01 07:09:41,112.942799931339
2024-05-01 07:10:11,112.669080454869
2024-05-01 07:10:41,112.95522019111
2024-05-01 07:11:11,112.681500714639
2024-05-01 07:11:41,112.687710844525
2024-05-01 07:12:11,112.816310222269
2024-05-01 07:12:41,112.088184865004
2024-05-01 07:13:11,111.972005747031
2024-05-01 07:13:41,111.978215876917
2024-05-01 07:14:11,112.071664144021
2024-05-01 07:14:41,112.200263521765
2024-05-01 07:15:11,112.328862899509
2024-05-01 07:15:41,112.177532670897
2024-05-01 07:16:11,112.148591690143
2024-05-01 07:16:41,111.910023324312
2024-05-01 07:17:11,111.881082343558
2024-05-01 07:17:41,111.607362867088
2024-05-01 07:18:11,111.543270775695
2024-05-01 07:18:41,111.269551299225
2024-05-01 07:19:11,110.68075110576
2024-05-01 07:19:41,109.076406540032
2024-05-01 07:20:11,108.609995594425
2024-05-01 07:20:41,107.863655042463
2024-05-01 07:21:11,107.834714061709
2024-05-01 07:21:41,108.506236736223
2024-05-01 07:22:11,108.862678693742
2024-05-01 07:22:41,109.586288394837
2024-05-01 07:23:11,110.187508848073
2024-05-01 07:23:41,109.721097902466
2024-05-01 07:24:11,110.129626886565
2024-05-01 07:24:41,110.573306981304
2024-05-01 07:25:11,110.142047146336
2024-05-01 07:25:41,110.428186882577
2024-05-01 07:26:11,110.312007764604
2024-05-01 07:26:41,110.31821789449
2024-05-01 07:27:11,110.131736555239
2024-05-01 07:27:41,109.858017078769
2024-05-01 07:28:11,109.899378319293
2024-05-01 07:28:41,110.063128807676
2024-05-01 07:29:11,109.999036716283
2024-05-01 07:29:41,109.480538744096
2024-05-01 07:30:11,110.046608086693
2024-05-01 07:30:41,109.650499362364
2024-05-01 07:31:11,109.65670949225
2024-05-01 07:31:41,109.820459980633
2024-05-01 07:32:11,110.29929118601
2024-05-01 07:32:41,110.183112068037
2024-05-01 07:33:11,110.189322197923
2024-05-01 07:33:41,109.600522004458
2024-05-01 07:34:11,109.291651417348
2024-05-01 07:34:41,108.790089361102
2024-05-01 07:35:11,108.323678415496
2024-05-01 07:35:41,108.049958939025
2024-05-01 07:36:11,108.213709427408
2024-05-01 07:36:41,108.062379198796
2024-05-01 07:37:11,108.226129687179
2024-05-01 07:37:41,108.267490927703
2024-05-01 07:38:11,108.116160699091
2024-05-01 07:38:41,108.55984079383
2024-05-01 07:39:11,108.513963897135
2024-05-01 07:39:41,108.835254744015
2024-05-01 07:40:11,108.911767095179
2024-05-01 07:40:41,108.760436866567
2024-05-01 07:41:11,108.994489576228
2024-05-01 07:41:41,109.158240064611
2024-05-01 07:42:11,109.496466827432
2024-05-01 07:42:41,109.502676957318
2024-05-01 07:43:11,109.508887087203
2024-05-01 07:43:41,109.129714278815
2024-05-01 07:44:11,109.328615877837
2024-05-01 07:44:41,109.090047512006
2024-05-01 07:45:11,109.21864688975
2024-05-01 07:45:41,109.504786625991
2024-05-01 07:46:11,109.388607508018
2024-05-01 07:46:41,110.619989395244
2024-05-01 07:47:11,118.065747485146
2024-05-01 07:47:41,151.750443222837
2024-05-01 07:48:11,225.363151881648
2024-05-01 07:48:41,323.552156466055
2024-05-01 07:49:11,412.411128788476
2024-05-01 07:49:41,449.876793130104
2024-05-01 07:50:11,421.123419876243
2024-05-01 07:50:41,349.99169018658
2024-05-01 07:51:11,272.575282072963
2024-05-01 07:51:41,208.620106652902
2024-05-01 07:52:11,164.427778266296
2024-05-01 07:52:41,137.459435982486
2024-05-01 07:53:11,121.361378434997
2024-05-01 07:53:41,113.525721750652
2024-05-01 07:54:11,110.416275821228
2024-05-01 07:54:41,109.284552330993
2024-05-01 07:55:11,108.59029880561
2024-05-01 07:55:41,107.319250151575
2024-05-01 07:56:11,107.255158060183
2024-05-01 07:56:41,106.788747114576
2024-05-01 07:57:11,106.444725416827
2024-05-01 07:57:41,106.730865153069
2024-05-01 07:58:11,106.142064959603
2024-05-01 07:58:41,105.781107345914
2024-05-01 07:59:11,105.944857834297
2024-05-01 07:59:41,105.163366171695
2024-05-01 08:00:11,105.028971859024
2024-05-01 08:00:41,105.157571236768
2024-05-01 08:01:11,105.671553552785
2024-05-01 08:01:41,106.027995510304
2024-05-01 08:02:11,105.99905452955
2024-05-01 08:02:41,106.285194265791
2024-05-01 08:03:11,106.448944754174
2024-05-01 08:03:41,106.45515488406
2024-05-01 08:04:11,106.374126876726
2024-05-01 08:04:41,106.660266612967
2024-05-01 08:05:11,106.229006777999
2024-05-01 08:05:41,106.392757266382
2024-05-01 08:06:11,106.119037789912
2024-05-01 08:06:41,106.282788278295
2024-05-01 08:07:11,106.324149518819
2024-05-01 08:07:41,106.295208538065
2024-05-01 08:08:11,106.423807915809
2024-05-01 08:08:41,106.70994765205
2024-05-01 08:09:11,106.471379286219
2024-05-01 08:09:41,106.477589416104
2024-05-01 08:10:11,106.711642125765
2024-05-01 08:10:41,107.312862579001
2024-05-01 08:11:11,107.283921598248
2024-05-01 08:11:41,107.325282838772
2024-05-01 08:12:11,106.736482645307
2024-05-01 08:12:41,106.90023313369
2024-05-01 08:13:11,107.658993945423
2024-05-01 08:13:41,107.035042641319
2024-05-01 08:14:11,107.391484598838
2024-05-01 08:14:41,107.555235087221
2024-05-01 08:15:11,107.876525934101
2024-05-01 08:15:41,108.512897497976
2024-05-01 08:16:11,108.64149687572
2024-05-01 08:16:41,108.647707005606
2024-05-01 08:17:11,108.776306383349
2024-05-01 08:17:41,108.502586906879
2024-05-01 08:18:11,109.174109581393
2024-05-01 08:18:41,108.830087883645
2024-05-01 08:19:11,108.083747331682
2024-05-01 08:19:41,108.334735957284
2024-05-01 08:20:11,107.6586976266
2024-05-01 08:20:41,106.999595211857
2024-05-01 08:21:11,105.780633584402
2024-05-01 08:21:41,105.594152245151
2024-05-01 08:22:11,105.477973127178
2024-05-01 08:22:41,105.799263974058
2024-05-01 08:23:11,105.683084856085
2024-05-01 08:23:41,105.77653312319
2024-05-01 08:24:11,105.625202894578
2024-05-01 08:24:41,105.544174887244
2024-05-01 08:25:11,105.707925375627
2024-05-01 08:25:41,106.46668618736
2024-05-01 08:26:11,107.540527716088
2024-05-01 08:26:41,108.807060713953
2024-05-01 08:27:11,109.828815216101
2024-05-01 08:27:41,110.394884558698
2024-05-01 08:28:11,110.121165082228
2024-05-01 08:28:41,109.182133061129
2024-05-01 08:29:11,108.24310104003
2024-05-01 08:29:41,107.461609377428
2024-05-01 08:30:11,106.715268825466
2024-05-01 08:30:41,106.599089707493
2024-05-01 08:31:11,106.132678761886
2024-05-01 08:31:41,106.331580360908
2024-05-01 08:32:11,105.987558663159
2024-05-01 08:32:41,105.958617682406
2024-05-01 08:33:11,105.99997892293
2024-05-01 08:33:41,105.568719087962
2024-05-01 08:34:11,105.784556602925
2024-05-01 08:34:41,105.983458201947
2024-05-01 08:35:11,105.989668331833
2024-05-01 08:35:41,106.941120612703
2024-05-01 08:36:11,107.017632963866
2024-05-01 08:36:41,106.673611266118
2024-05-01 08:37:11,106.172049209872
2024-05-01 08:37:41,105.110627940914
2024-05-01 08:38:11,105.274378429297
2024-05-01 08:38:41,105.280588559183
2024-05-01 08:39:11,105.094107219932
2024-05-01 08:39:41,104.627696274325
2024-05-01 08:40:11,105.2640678382
2024-05-01 08:40:41,105.620509795719
2024-05-01 08:41:11,105.784260284102
2024-05-01 08:41:41,104.845228263003
2024-05-01 08:42:11,104.413968428035
2024-05-01 08:42:41,104.349876336643
2024-05-01 08:43:11,104.303999439948
2024-05-01 08:43:41,104.030279963477
2024-05-01 08:44:11,103.808647513587
2024-05-01 08:44:41,103.342236567981
2024-05-01 08:45:11,103.06851709151
2024-05-01 08:45:41,103.47704607561
2024-05-01 08:46:11,103.675947674632
2024-05-01 08:46:41,104.872178451218
2024-05-01 08:47:11,105.543701125732
2024-05-01 08:47:41,106.407915269383
2024-05-01 08:48:11,106.799508337541
2024-05-01 08:48:41,106.648178108929
2024-05-01 08:49:11,106.496847880317
2024-05-01 08:49:41,105.085194783726
2024-05-01 08:50:11,103.795930934993
2024-05-01 08:50:41,102.629056334119
2024-05-01 08:51:11,101.760326534298
2024-05-01 08:51:41,101.32906669933
2024-05-01 08:52:11,101.895136041927
2024-05-01 08:52:41,101.778956923954
2024-05-01 08:53:11,102.100247770834
2024-05-01 08:53:41,102.456689728353
2024-05-01 08:54:11,102.4277487476
2024-05-01 08:54:41,102.556348125344
2024-05-01 08:55:11,102.247477538234
2024-05-01 08:55:41,102.25368766812
2024-05-01 08:56:11,102.574978515
2024-05-01 08:56:41,102.703577892744
2024-05-01 08:57:11,102.552247664132
2024-05-01 08:57:41,102.156138939803
2024-05-01 08:58:11,102.319889428186
2024-05-01 08:58:41,102.483639916569
2024-05-01 08:59:11,102.489850046454
2024-05-01 08:59:41,101.988287990208
2024-05-01 09:00:11,102.502270306225
2024-05-01 09:00:41,102.45639340953
2024-05-01 09:01:11,102.987311641488
2024-05-01 09:01:41,102.748743275657
2024-05-01 09:02:11,102.317483440689
2024-05-01 09:02:41,101.92137471636
2024-05-01 09:03:11,101.805195598387
2024-05-01 09:03:41,101.96894608677
2024-05-01 09:04:11,102.255085823011
2024-05-01 09:04:41,102.226144842258
2024-05-01 09:05:11,102.38989533064
2024-05-01 09:05:41,102.325803239248
2024-05-01 09:06:11,102.647094086128
2024-05-01 09:06:41,102.933233822369
2024-05-01 09:07:11,102.939443952255
2024-05-01 09:07:41,103.453426268271
2024-05-01 09:08:11,103.354183066239
2024-05-01 09:08:41,103.115614700408
2024-05-01 09:09:11,102.999435582435
2024-05-01 09:09:41,103.372813455896
2024-05-01 09:10:11,102.976704731567
2024-05-01 09:10:41,102.702985255097
2024-05-01 09:11:11,101.448872517003
2024-05-01 09:11:41,101.892552611741
2024-05-01 09:12:11,102.686464534114
2024-05-01 09:12:41,103.637916814984
2024-05-01 09:13:11,104.361526516078
2024-05-01 09:13:41,104.5604281151
2024-05-01 09:14:11,104.88171896198
2024-05-01 09:14:41,104.923080202505
2024-05-01 09:15:11,104.491820367537
2024-05-01 09:15:41,104.533181608061
2024-05-01 09:16:11,104.504240627308
2024-05-01 09:16:41,104.352910398696
2024-05-01 09:17:11,104.639050134937
2024-05-01 09:17:41,104.085401052111
2024-05-01 09:18:11,104.249151540494
2024-05-01 09:18:41,103.660351347029
2024-05-01 09:19:11,103.788950724772
2024-05-01 09:19:41,103.952701213155
2024-05-01 09:20:11,103.871673205821
2024-05-01 09:20:41,103.68519186657
2024-05-01 09:21:11,103.4114723901
2024-05-01 09:21:41,103.487984741264
2024-05-01 09:22:11,103.809275588144
2024-05-01 09:22:41,103.745183496751
2024-05-01 09:23:11,103.908933985134
2024-05-01 09:23:41,104.667694796867
2024-05-01 09:24:11,105.654298188376
2024-05-01 09:24:41,107.252847819177
2024-05-01 09:25:11,108.799310423397
2024-05-01 09:25:41,109.64530937235
2024-05-01 09:26:11,108.969271041665
2024-05-01 09:26:41,107.907849772708
2024-05-01 09:27:11,106.356871512317
2024-05-01 09:27:41,105.29545024336
2024-05-01 09:28:11,104.688434855197
2024-05-01 09:28:41,103.942094303234
2024-05-01 09:29:11,103.388445220408
2024-05-01 09:29:41,103.185027965216
2024-05-01 09:30:11,102.438687413254
2024-05-01 09:30:41,102.129816826144
2024-05-01 09:31:11,102.171178066669
2024-05-01 09:31:41,102.702096298627
2024-05-01 09:32:11,102.23568535302
2024-05-01 09:32:41,102.364284730763
2024-05-01 09:33:11,102.248105612791
2024-05-01 09:33:41,101.43146283955
2024-05-01 09:34:11,101.228045584358
2024-05-01 09:34:41,100.884023886609
2024-05-01 09:35:11,101.327703981348
2024-05-01 09:35:41,102.086464793081
2024-05-01 09:36:11,102.162977144245
2024-05-01 09:36:41,102.641808349622
2024-05-01 09:37:11,103.645347657072
2024-05-01 09:37:41,103.651557786958
2024-05-01 09:38:11,102.432596159503
2024-05-01 09:38:41,102.438806289388
2024-05-01 09:39:11,102.795248246908
2024-05-01 09:39:41,103.554009058641
2024-05-01 09:40:11,103.595370299166
2024-05-01 09:40:41,103.04172121634
2024-05-01 09:41:11,102.78493765581
2024-05-01 09:41:41,101.845905634711
2024-05-01 09:42:11,101.572186158241
2024-05-01 09:42:41,100.790694495639
2024-05-01 09:43:11,101.199223479739
2024-05-01 09:43:41,101.083044361766
2024-05-01 09:44:11,101.054103381012
2024-05-01 09:44:41,100.780383904542
2024-05-01 09:45:11,100.593902565291
2024-05-01 09:45:41,100.95034452281
2024-05-01 09:46:11,100.991705763335
2024-05-01 09:46:41,100.875526645362
2024-05-01 09:47:11,100.968974912467
2024-05-01 09:47:41,100.923098015772
2024-05-01 09:48:11,101.016546282876
2024-05-01 09:48:41,101.495377488254
2024-05-01 09:49:11,101.256809122423
2024-05-01 09:49:41,101.385408500167
