date,no,oh,hono,hour,jhono,jhno3
01/02/2023 00:00,NA,NA,NA,NA,NA,NA
01/02/2023 01:00,NA,NA,NA,NA,NA,NA
01/02/2023 02:00,NA,NA,NA,NA,NA,NA
01/02/2023 03:00,NA,NA,NA,NA,NA,NA
01/02/2023 04:00,NA,NA,NA,NA,NA,NA
01/02/2023 05:00,NA,NA,NA,NA,NA,NA
01/02/2023 06:00,NA,NA,NA,NA,NA,NA
01/02/2023 07:00,NA,NA,NA,NA,NA,NA
01/02/2023 08:00,NA,NA,NA,8,0.000434315,7.28E-08
01/02/2023 09:00,NA,NA,NA,9,0.001055454,2.26E-07
01/02/2023 10:00,NA,NA,NA,10,0.001368094,4.00E-07
01/02/2023 11:00,NA,NA,NA,11,0.001568781,5.68E-07
01/02/2023 12:00,NA,NA,NA,12,0.00162803,6.56E-07
01/02/2023 13:00,NA,NA,NA,13,0.00162597,6.58E-07
01/02/2023 14:00,NA,NA,NA,14,0.001569126,6.09E-07
01/02/2023 15:00,NA,NA,NA,15,0.001386112,4.85E-07
01/02/2023 16:00,NA,NA,NA,16,0.000911872,2.73E-07
01/02/2023 17:00,NA,NA,NA,17,0.000421543,9.55E-08
01/02/2023 18:00,NA,NA,NA,18,5.15E-05,8.14E-09
01/02/2023 19:00,NA,NA,NA,19,4.48E-08,1.93E-11
01/02/2023 20:00,NA,NA,NA,20,-3.63E-08,-1.15E-11
01/02/2023 21:00,NA,NA,NA,21,8.33E-10,1.40E-12
01/02/2023 22:00,NA,NA,NA,22,-3.29E-08,-8.40E-12
01/02/2023 23:00,NA,NA,NA,23,-7.63E-09,-4.81E-13
02/02/2023 00:00,NA,NA,NA,0,-1.44E-08,-2.21E-12
02/02/2023 01:00,NA,NA,NA,1,9.23E-09,4.13E-12
02/02/2023 02:00,NA,NA,NA,2,6.56E-08,2.02E-11
02/02/2023 03:00,NA,NA,NA,3,5.02E-08,1.59E-11
02/02/2023 04:00,NA,NA,NA,4,8.41E-09,3.81E-12
02/02/2023 05:00,NA,NA,NA,5,2.98E-08,9.47E-12
02/02/2023 06:00,NA,NA,NA,6,7.70E-08,1.59E-11
02/02/2023 07:00,NA,NA,NA,7,6.31E-05,7.57E-09
02/02/2023 08:00,NA,NA,NA,8,0.000474763,7.10E-08
02/02/2023 09:00,NA,NA,NA,9,0.00092477,2.01E-07
02/02/2023 10:00,NA,NA,NA,10,0.001466263,4.18E-07
02/02/2023 11:00,NA,NA,NA,11,0.001450788,5.14E-07
02/02/2023 12:00,NA,NA,NA,12,0.001555098,6.17E-07
02/02/2023 13:00,NA,NA,NA,13,0.001426533,5.74E-07
02/02/2023 14:00,NA,NA,NA,14,0.001400594,5.42E-07
02/02/2023 15:00,NA,NA,NA,15,0.001148628,4.06E-07
02/02/2023 16:00,NA,NA,NA,16,0.000744624,2.27E-07
02/02/2023 17:00,NA,13788.23667,NA,17,0.000443947,9.86E-08
02/02/2023 18:00,NA,1324870.537,NA,18,5.71E-05,9.14E-09
02/02/2023 19:00,NA,214020.6246,NA,19,5.30E-08,2.67E-11
02/02/2023 20:00,NA,27931.07949,NA,20,5.20E-08,1.94E-11
02/02/2023 21:00,NA,-783815.0811,NA,21,5.91E-08,1.81E-11
02/02/2023 22:00,NA,-770278.8719,NA,22,-4.93E-09,-9.14E-13
02/02/2023 23:00,NA,-392564.6958,NA,23,2.72E-08,9.29E-12
03/02/2023 00:00,NA,161503.4122,NA,0,1.39E-08,4.57E-12
03/02/2023 01:00,NA,383477.3182,NA,1,-1.62E-08,-3.56E-12
03/02/2023 02:00,NA,284418.7013,NA,2,7.34E-08,2.28E-11
03/02/2023 03:00,NA,141829.9429,NA,3,5.86E-08,1.82E-11
03/02/2023 04:00,-0.313543343,16314.68155,NA,4,3.14E-08,1.03E-11
03/02/2023 05:00,0.9268507,-109200.5798,NA,5,2.98E-08,1.04E-11
03/02/2023 06:00,0.236404516,-121610.0473,NA,6,1.01E-07,1.98E-11
03/02/2023 07:00,1.956973282,-471913.257,NA,7,7.50E-05,8.75E-09
03/02/2023 08:00,1.822785016,-1002077.404,NA,8,0.000475485,7.11E-08
03/02/2023 09:00,2.215074749,-743088.3268,NA,9,0.00105801,2.22E-07
03/02/2023 10:00,4.154444642,-484099.2496,NA,10,0.001490238,4.28E-07
03/02/2023 11:00,3.893437255,-225110.1723,NA,11,0.001489148,5.29E-07
03/02/2023 12:00,2.70394513,33878.90497,NA,12,0.001640425,6.43E-07
03/02/2023 13:00,3.301377227,292867.9822,NA,13,0.001513255,6.10E-07
03/02/2023 14:00,2.449412995,551857.0595,NA,14,0.001301098,5.01E-07
03/02/2023 15:00,3.541327202,810846.1368,NA,15,0.001131917,3.97E-07
03/02/2023 16:00,2.390961711,1069835.214,NA,16,0.000876858,2.60E-07
03/02/2023 17:00,3.273511359,-335815.5599,NA,17,0.000367415,8.36E-08
03/02/2023 18:00,0.395821873,-277369.7212,NA,18,5.56E-05,8.74E-09
03/02/2023 19:00,-0.524641737,-182327.6719,NA,19,1.91E-08,5.01E-12
03/02/2023 20:00,-0.099293572,690934.624,NA,20,-4.32E-09,1.67E-12
03/02/2023 21:00,-0.443715446,1096894.112,NA,21,6.09E-08,1.90E-11
03/02/2023 22:00,0.867172435,1525139.699,NA,22,5.17E-09,3.19E-12
03/02/2023 23:00,0.347775483,2483298.523,NA,23,2.29E-08,7.51E-12
04/02/2023 00:00,0.770160037,2520452.555,NA,0,5.64E-08,1.71E-11
04/02/2023 01:00,1.22E-05,1125582.531,NA,1,3.02E-08,9.67E-12
04/02/2023 02:00,1.645586308,-93760.67431,NA,2,1.47E-08,5.34E-12
04/02/2023 03:00,-0.362045272,795574.098,NA,3,3.25E-08,1.07E-11
04/02/2023 04:00,0.173670003,861613.363,NA,4,4.61E-08,1.43E-11
04/02/2023 05:00,0.761984644,1719018.474,NA,5,1.23E-08,4.46E-12
04/02/2023 06:00,-2.568089884,1531058.668,NA,6,4.11E-08,2.66E-12
04/02/2023 07:00,NA,2371859.432,NA,7,5.91E-05,7.64E-09
04/02/2023 08:00,-0.499978636,2365176.058,NA,8,0.000466649,6.91E-08
04/02/2023 09:00,-1.93110872,2358492.685,NA,9,0.000818343,1.72E-07
04/02/2023 10:00,0.42331025,2351809.311,NA,10,0.001089983,3.22E-07
04/02/2023 11:00,1.956154818,2345125.938,NA,11,0.001470111,5.20E-07
04/02/2023 12:00,5.584937108,2338442.564,NA,12,0.001551206,6.12E-07
04/02/2023 13:00,4.013359799,2331759.191,NA,13,0.001528383,6.12E-07
04/02/2023 14:00,3.142683209,2325075.817,NA,14,0.001459004,5.55E-07
04/02/2023 15:00,2.471780745,2318392.443,NA,15,0.001272597,4.35E-07
04/02/2023 16:00,2.854022933,2311709.07,NA,16,0.000930707,2.63E-07
04/02/2023 17:00,2.458351545,2305025.696,NA,17,0.000363402,8.31E-08
04/02/2023 18:00,0.05522012,2298342.323,NA,18,5.39E-05,8.34E-09
04/02/2023 19:00,-1.083613928,2291658.949,NA,19,4.24E-08,1.79E-11
04/02/2023 20:00,0.74283944,2284975.576,NA,20,-1.07E-09,8.03E-13
04/02/2023 21:00,0.1830316,2278292.202,NA,21,4.92E-09,2.54E-12
04/02/2023 22:00,-0.081859047,2271608.828,NA,22,3.87E-08,1.27E-11
04/02/2023 23:00,0.115359968,2264925.455,NA,23,6.84E-08,2.09E-11
05/02/2023 00:00,-0.143605769,2258242.081,NA,0,9.20E-08,2.78E-11
05/02/2023 01:00,0.424277805,2251558.708,NA,1,7.50E-08,2.25E-11
05/02/2023 02:00,0.493349393,2244875.334,NA,2,2.42E-08,8.04E-12
05/02/2023 03:00,0.895917738,2238191.961,NA,3,-1.17E-09,7.20E-13
05/02/2023 04:00,-0.912565762,2231508.587,NA,4,6.11E-08,1.76E-11
05/02/2023 05:00,0.736665826,2224825.214,NA,5,3.44E-08,1.07E-11
05/02/2023 06:00,1.049969013,2218141.84,NA,6,1.49E-07,3.32E-11
05/02/2023 07:00,0.766700118,2211458.466,NA,7,6.45E-05,7.97E-09
05/02/2023 08:00,-0.036429952,2204775.093,NA,8,0.000439712,6.49E-08
05/02/2023 09:00,1.137335282,2198091.719,NA,9,0.000854283,1.78E-07
05/02/2023 10:00,2.98097981,2191408.346,NA,10,0.001142402,3.28E-07
05/02/2023 11:00,2.105666391,2184724.972,NA,11,0.00128997,4.50E-07
05/02/2023 12:00,1.534996521,2178041.599,NA,12,0.001431436,5.54E-07
05/02/2023 13:00,3.491356078,2171358.225,NA,13,0.001374547,5.39E-07
05/02/2023 14:00,5.37771123,2164674.851,NA,14,0.001285359,4.83E-07
05/02/2023 15:00,4.547092548,2157991.478,NA,15,0.001053095,3.63E-07
05/02/2023 16:00,3.608703896,1345483.364,NA,16,0.000760787,2.25E-07
05/02/2023 17:00,2.91114462,746365.3067,NA,17,0.000312348,7.34E-08
05/02/2023 18:00,1.125917337,-160328.9404,NA,18,4.84E-05,7.77E-09
05/02/2023 19:00,1.089028531,-226047.5088,NA,19,3.47E-08,1.11E-11
05/02/2023 20:00,0.011278672,382542.618,NA,20,2.54E-08,1.07E-11
05/02/2023 21:00,0.669113639,235322.2791,NA,21,4.79E-08,1.46E-11
05/02/2023 22:00,0.474282557,682418.6036,NA,22,5.90E-08,1.75E-11
05/02/2023 23:00,-0.141187838,109522.2779,NA,23,3.42E-08,9.81E-12
06/02/2023 00:00,-1.040952006,293649.2512,NA,0,3.90E-08,1.19E-11
06/02/2023 01:00,1.065253173,448490.1531,NA,1,4.98E-08,1.51E-11
06/02/2023 02:00,-0.042107329,782373.8688,NA,2,1.12E-08,4.19E-12
06/02/2023 03:00,0.943339355,834604.1193,NA,3,3.13E-08,9.90E-12
06/02/2023 04:00,1.266147986,752973.4234,NA,4,1.76E-08,6.35E-12
06/02/2023 05:00,-0.191657475,172692.7741,NA,5,4.17E-08,1.34E-11
06/02/2023 06:00,1.204193382,370102.9547,NA,6,1.32E-07,2.21E-11
06/02/2023 07:00,0.085204927,905552.8761,NA,7,9.15E-05,1.05E-08
06/02/2023 08:00,0.775198223,-8782.765725,NA,8,0.000538069,7.82E-08
06/02/2023 09:00,4.29205804,69296.84222,NA,9,0.001076679,2.22E-07
06/02/2023 10:00,5.996736494,110014.7094,NA,10,0.001367284,3.93E-07
06/02/2023 11:00,4.412300663,8966.49929,NA,11,0.001532825,5.38E-07
06/02/2023 12:00,5.162876777,-92081.71085,NA,12,0.001583305,6.20E-07
06/02/2023 13:00,3.864613234,-193129.921,NA,13,0.001506787,6.08E-07
06/02/2023 14:00,3.631369672,-294178.1311,NA,14,0.001479041,5.66E-07
06/02/2023 15:00,3.896876457,-395226.3413,NA,15,0.001313517,4.50E-07
06/02/2023 16:00,5.849722386,822101.0532,NA,16,0.000996456,2.82E-07
06/02/2023 17:00,4.733651753,198906.2359,NA,17,0.00050824,1.04E-07
06/02/2023 18:00,2.310120039,-20489.10488,NA,18,6.72E-05,1.02E-08
06/02/2023 19:00,1.667554912,-33358.8088,NA,19,1.32E-08,-1.67E-12
06/02/2023 20:00,NA,-33390.14987,NA,20,-2.95E-08,-8.52E-12
06/02/2023 21:00,-1.883164186,-324789.0547,NA,21,2.54E-08,8.16E-12
06/02/2023 22:00,0.66687374,1062418.118,NA,22,-4.13E-08,-1.02E-11
06/02/2023 23:00,-1.026117921,713455.7539,NA,23,-2.37E-09,6.87E-13
07/02/2023 00:00,-0.18953255,364493.3902,NA,0,-1.14E-08,-2.31E-12
07/02/2023 01:00,-0.390569273,15531.02645,NA,1,-1.43E-08,-2.97E-12
07/02/2023 02:00,1.220021465,-237853.5673,NA,2,2.62E-08,9.29E-12
07/02/2023 03:00,0.069499109,-320520.1084,NA,3,-2.21E-09,6.98E-13
07/02/2023 04:00,1.65575618,-722856.2049,NA,4,-8.48E-09,-1.47E-12
07/02/2023 05:00,0.874839445,-691403.6775,NA,5,1.91E-08,6.94E-12
07/02/2023 06:00,1.91678939,251111.8737,NA,6,9.64E-08,1.65E-11
07/02/2023 07:00,0.556225308,-304070.758,NA,7,4.23E-05,5.32E-09
07/02/2023 08:00,1.432193715,168784.7229,NA,8,0.000313271,5.09E-08
07/02/2023 09:00,2.201782698,187262.5124,NA,9,0.000460431,1.02E-07
07/02/2023 10:00,3.7348567,959059.4163,NA,10,0.001061009,3.08E-07
07/02/2023 11:00,3.871893754,1234416.743,1.480460833,11,0.001352626,4.82E-07
07/02/2023 12:00,4.949767297,642821.186,2.048810972,12,0.001519646,5.97E-07
07/02/2023 13:00,6.676384343,431646.0648,3.399564674,13,0.001429876,5.76E-07
07/02/2023 14:00,5.989641021,1028515.023,4.604605548,14,0.001400463,5.37E-07
07/02/2023 15:00,4.154792768,211571.4241,3.193536456,15,0.00114755,3.99E-07
07/02/2023 16:00,3.219325918,401476.8759,2.649441525,16,0.00083418,2.39E-07
07/02/2023 17:00,2.844797871,157624.9848,1.60681421,17,0.000412557,8.78E-08
07/02/2023 18:00,1.958156127,-47426.26998,0.260322721,18,5.74E-05,8.87E-09
07/02/2023 19:00,-0.870381841,63200.7642,-0.537771946,19,4.59E-08,1.84E-11
07/02/2023 20:00,-0.511452726,213053.3461,-0.88032434,20,-2.38E-08,-7.59E-12
07/02/2023 21:00,-0.996029033,-399834.8199,-0.565223331,21,6.10E-08,1.89E-11
07/02/2023 22:00,1.138429967,357506.8764,-0.507466461,22,2.94E-08,8.99E-12
07/02/2023 23:00,-0.134426999,83119.55288,-0.784062506,23,3.90E-08,1.20E-11
08/02/2023 00:00,1.430163978,-255997.347,-0.191442518,0,1.56E-08,5.11E-12
08/02/2023 01:00,-0.986942897,231831.6377,0.046739018,1,2.38E-08,8.77E-12
08/02/2023 02:00,0.536808169,-48868.07905,-0.357552881,2,2.22E-08,7.39E-12
08/02/2023 03:00,-0.148423931,-179650.3778,0.092396114,3,1.38E-08,5.34E-12
08/02/2023 04:00,1.446767645,640016.6366,NA,4,2.34E-10,7.85E-13
08/02/2023 05:00,0.958063946,75770.26143,0.891875621,5,2.69E-08,8.56E-12
08/02/2023 06:00,0.509790542,-146298.4584,0.938042424,6,8.29E-08,4.33E-12
08/02/2023 07:00,-0.038922744,-238749.7828,1.536728973,7,7.58E-05,9.36E-09
08/02/2023 08:00,0.243339959,60469.55538,2.460573,8,0.000409649,6.20E-08
08/02/2023 09:00,1.766520217,140025.4372,5.455709591,9,0.000839952,1.72E-07
08/02/2023 10:00,2.544706977,147751.8622,NA,10,0.001111747,3.15E-07
08/02/2023 11:00,2.999486807,647766.2131,11.40152283,11,0.001216856,4.26E-07
08/02/2023 12:00,3.554394536,2035909.137,12.8347234,12,0.00144148,5.56E-07
08/02/2023 13:00,1.640428152,667816.4093,14.46642199,13,0.001385253,5.40E-07
08/02/2023 14:00,1.567518049,1047596.165,NA,14,0.0011333,4.23E-07
08/02/2023 15:00,1.748398199,69208.28445,7.301047742,15,0.000723256,2.55E-07
08/02/2023 16:00,0.980522112,-127793.8712,4.548391384,16,0.000552362,1.67E-07
08/02/2023 17:00,2.334602852,3220.002205,3.717955135,17,0.000244092,5.80E-08
08/02/2023 18:00,0.277434101,-360219.4272,0.935398016,18,3.64E-05,6.08E-09
08/02/2023 19:00,0.429579539,-472872.1246,0.370123933,19,2.19E-08,8.85E-12
08/02/2023 20:00,0.444011076,62799.62885,0.341307746,20,2.47E-08,1.32E-11
08/02/2023 21:00,-0.224521494,-722691.4265,0.366364601,21,4.77E-08,1.46E-11
08/02/2023 22:00,-0.585939922,-149397.4241,-0.093344017,22,2.32E-08,7.37E-12
08/02/2023 23:00,0.124817113,-703122.4508,-0.606185991,23,4.64E-08,1.46E-11
09/02/2023 00:00,0.317167979,90764.19173,NA,0,6.44E-08,1.97E-11
09/02/2023 01:00,1.221931306,-97493.41693,-0.76948989,1,3.26E-08,1.04E-11
09/02/2023 02:00,0.325973837,-259248.3344,-0.551005499,2,8.37E-08,2.54E-11
09/02/2023 03:00,0.158648363,-140437.9378,-0.172812023,3,-2.91E-08,-6.76E-12
09/02/2023 04:00,0.779882828,190768.3574,-0.363955502,4,1.79E-08,6.62E-12
09/02/2023 05:00,0.025659479,123590.7387,-0.028361214,5,3.04E-09,1.78E-12
09/02/2023 06:00,1.591278568,-97536.1276,0.491731065,6,1.08E-07,1.61E-11
09/02/2023 07:00,1.250670624,296912.5538,0.035078362,7,5.06E-05,6.54E-09
09/02/2023 08:00,0.752345917,-111098.7344,0.602079826,8,0.000238639,4.06E-08
09/02/2023 09:00,NA,153126.8857,1.932286864,9,0.000679073,1.46E-07
09/02/2023 10:00,0.292239479,525958.5905,10.03835111,10,0.000882438,2.64E-07
09/02/2023 11:00,-0.006745089,948607.8683,NA,11,0.001273898,4.58E-07
09/02/2023 12:00,1.52658393,1014916.713,NA,12,0.001410416,5.56E-07
09/02/2023 13:00,1.167535753,788122.1804,NA,13,0.001488105,5.89E-07
09/02/2023 14:00,0.166237779,1700816.255,NA,14,0.001382965,5.26E-07
09/02/2023 15:00,2.003586757,714898.7555,NA,15,0.001168325,4.06E-07
09/02/2023 16:00,14.77232084,1002807.438,NA,16,0.00094513,2.72E-07
09/02/2023 17:00,2.165104064,-449439.7476,NA,17,0.000464405,9.89E-08
09/02/2023 18:00,-0.042577125,4347.377023,NA,18,6.52E-05,1.01E-08
09/02/2023 19:00,-0.536916744,61960.53703,NA,19,9.47E-08,4.14E-11
09/02/2023 20:00,-0.038225739,-561033.9468,NA,20,-1.12E-08,-2.55E-12
09/02/2023 21:00,-0.392309115,440686.2155,NA,21,4.16E-08,1.32E-11
09/02/2023 22:00,0.341413682,-144172.6317,NA,22,6.12E-08,1.83E-11
09/02/2023 23:00,0.120664754,500177.6608,NA,23,3.32E-08,1.05E-11
10/02/2023 00:00,-0.481001648,155561.3705,NA,0,4.05E-08,1.29E-11
10/02/2023 01:00,0.351109901,-344559.8686,NA,1,5.20E-08,1.56E-11
10/02/2023 02:00,0.028127822,757711.021,NA,2,1.10E-08,3.82E-12
10/02/2023 03:00,0.371902076,62083.56075,NA,3,3.64E-08,1.17E-11
10/02/2023 04:00,0.378220966,451286.8024,NA,4,4.53E-09,2.18E-12
10/02/2023 05:00,0.442728875,-193015.1098,NA,5,3.52E-08,1.17E-11
10/02/2023 06:00,0.94823301,-454635.9767,NA,6,1.65E-07,1.54E-11
10/02/2023 07:00,-0.365318278,392709.84,NA,7,9.88E-05,1.18E-08
10/02/2023 08:00,2.056232716,367168.3929,NA,8,0.000495604,7.59E-08
10/02/2023 09:00,4.035874546,1329675.88,NA,9,0.001018221,2.15E-07
10/02/2023 10:00,1.533704316,433741.1382,NA,10,0.001176644,3.55E-07
10/02/2023 11:00,2.048663982,1104484.66,NA,11,0.001534452,5.53E-07
10/02/2023 12:00,1.144763493,1805216.394,12.39968985,12,0.001672594,6.72E-07
10/02/2023 13:00,1.451133795,1038234.63,12.52801873,13,0.00162295,6.61E-07
10/02/2023 14:00,0.820199048,1483846.019,11.80207918,14,0.001394326,5.56E-07
10/02/2023 15:00,3.455140474,577702.9421,10.94869031,15,0.001306361,4.68E-07
10/02/2023 16:00,-0.023578972,-15948.51118,9.171302334,16,0.000899513,2.70E-07
10/02/2023 17:00,0.142780359,-275630.1184,6.776421572,17,0.000508585,1.12E-07
10/02/2023 18:00,0.028409104,233431.1398,3.94482384,18,7.29E-05,1.14E-08
10/02/2023 19:00,-0.595562814,283354.3357,2.043918486,19,4.48E-08,1.41E-11
10/02/2023 20:00,0.258978721,282331.0471,0.531807904,20,-4.05E-09,7.72E-14
10/02/2023 21:00,0.625499839,389331.696,0.562904245,21,-1.07E-08,-2.96E-12
10/02/2023 22:00,0.035917664,280041.3525,0.786812184,22,4.31E-08,1.38E-11
10/02/2023 23:00,0.880521348,-178722.8486,0.962784327,23,2.87E-08,8.94E-12
11/02/2023 00:00,0.535615072,284788.3636,1.154859549,0,1.39E-08,4.35E-12
11/02/2023 01:00,-0.304296989,922346.103,1.924167902,1,2.07E-08,6.86E-12
11/02/2023 02:00,-0.397242283,933605.5739,1.812911837,2,5.06E-08,1.54E-11
11/02/2023 03:00,0.227972369,923548.352,NA,3,1.02E-08,3.72E-12
11/02/2023 04:00,-0.14457419,913491.13,NA,4,3.21E-08,9.83E-12
11/02/2023 05:00,-0.903208221,903433.9081,NA,5,6.03E-09,2.80E-12
11/02/2023 06:00,0.432209077,893376.6861,NA,6,1.87E-07,2.53E-11
11/02/2023 07:00,-0.164121589,883319.4642,NA,7,9.81E-05,1.22E-08
11/02/2023 08:00,-0.741308328,873262.2423,NA,8,0.000442204,7.04E-08
11/02/2023 09:00,-0.318587443,863205.0203,11.85137773,9,0.000746936,1.66E-07
11/02/2023 10:00,-0.152117586,853147.7984,8.911747575,10,0.000813405,2.54E-07
11/02/2023 11:00,0.536787,843090.5764,5.291713302,11,0.001011878,3.76E-07
11/02/2023 12:00,1.803168378,833033.3545,7.46902039,12,0.001080575,4.37E-07
11/02/2023 13:00,3.475353442,822976.1326,9.116603767,13,0.001153111,4.78E-07
11/02/2023 14:00,0.564834619,812918.9106,NA,14,0.001048706,4.13E-07
11/02/2023 15:00,1.938229573,802861.6887,NA,15,0.000967725,3.55E-07
11/02/2023 16:00,2.117843222,792804.4667,NA,16,0.00051074,1.66E-07
11/02/2023 17:00,1.369317584,-114221.1278,8.313932582,17,0.000320846,7.73E-08
11/02/2023 18:00,0.349575328,134670.6778,5.50034038,18,4.57E-05,7.79E-09
11/02/2023 19:00,-0.46973395,-663377.2149,0.29213472,19,4.74E-08,2.08E-11
11/02/2023 20:00,0.408528308,-147383.8147,-0.005929279,20,4.39E-08,1.71E-11
11/02/2023 21:00,0.841247376,-43998.77469,-0.17826802,21,-1.44E-08,-3.25E-12
11/02/2023 22:00,NA,-574425.1117,-0.245464348,22,4.11E-08,1.29E-11
11/02/2023 23:00,0.479797571,-476794.8465,0.063605555,23,4.71E-08,1.48E-11
12/02/2023 00:00,-0.34985569,-182585.4111,0.046090239,0,8.25E-09,4.11E-12
12/02/2023 01:00,-0.792534588,-308478.6973,0.175627716,1,-2.28E-08,-5.36E-12
12/02/2023 02:00,-0.196835314,-876021.9321,0.842339718,2,2.88E-08,9.55E-12
12/02/2023 03:00,0.91669599,-994198.8322,0.304467343,3,2.74E-08,8.66E-12
12/02/2023 04:00,0.95627322,-669390.4282,1.422611706,4,7.66E-09,2.84E-12
12/02/2023 05:00,1.682262025,-252530.0061,0.571281893,5,7.11E-08,2.16E-11
12/02/2023 06:00,0.544625785,56646.5584,0.607442708,6,9.31E-08,1.60E-11
12/02/2023 07:00,-0.049159992,-543321.2689,0.51185245,7,3.43E-05,4.71E-09
12/02/2023 08:00,0.150015594,-145005.7112,0.921376706,8,0.000197435,3.44E-08
12/02/2023 09:00,0.822480857,-147340.0664,2.362553554,9,0.000317909,7.52E-08
12/02/2023 10:00,-0.335243191,-232378.4173,3.613868743,10,0.000517258,1.61E-07
12/02/2023 11:00,1.326414701,87407.73833,NA,11,0.0007108,2.62E-07
12/02/2023 12:00,0.53597355,195652.943,12.70489969,12,0.000928867,3.68E-07
12/02/2023 13:00,0.798627223,656989.7312,14.56328116,13,0.001181901,4.79E-07
12/02/2023 14:00,0.254038619,4702.42905,17.25044787,14,0.000458865,1.81E-07
12/02/2023 15:00,-0.051411526,-85369.82921,8.070830482,15,0.000397574,1.47E-07
12/02/2023 16:00,-1.010416497,-132709.2927,6.081541353,16,0.000298692,9.85E-08
12/02/2023 17:00,-0.605829778,-273769.7602,5.976175566,17,0.000121751,3.15E-08
12/02/2023 18:00,-1.178365767,-6480.336268,4.006292573,18,2.74E-05,4.71E-09
12/02/2023 19:00,-0.638386765,-171118.4899,2.859733973,19,7.13E-08,3.35E-11
12/02/2023 20:00,-1.142272293,407266.5341,2.679785224,20,1.88E-08,8.20E-12
12/02/2023 21:00,-0.781442666,650043.2524,1.787980976,21,9.52E-09,3.65E-12
12/02/2023 22:00,-0.006110831,-230052.7904,0.739266455,22,3.70E-08,1.21E-11
12/02/2023 23:00,-0.101573049,-325202.7283,0.917458241,23,5.31E-08,1.59E-11
13/02/2023 00:00,-0.276714693,-261752.8635,0.664614039,0,3.31E-08,1.05E-11
13/02/2023 01:00,1.486773862,-459003.347,-0.108635839,1,3.53E-08,1.10E-11
13/02/2023 02:00,0.140737987,-269386.9065,-0.960495087,2,5.92E-08,1.78E-11
13/02/2023 03:00,0.01622305,-765630.8559,-0.258448576,3,3.45E-08,1.09E-11
13/02/2023 04:00,0.717949054,-192500.0193,0.172693027,4,9.04E-09,3.42E-12
13/02/2023 05:00,-0.489250784,18716.81431,-0.29554979,5,-2.38E-08,-5.55E-12
13/02/2023 06:00,1.115237566,-151571.0883,-0.30123235,6,1.85E-07,2.94E-11
13/02/2023 07:00,-1.137483358,-2443.324253,0.616040482,7,6.95E-05,9.33E-09
13/02/2023 08:00,0.326335708,-363729.6686,0.760162539,8,0.000400649,6.67E-08
13/02/2023 09:00,0.125381396,21260.14145,4.162784175,9,0.001165547,2.44E-07
13/02/2023 10:00,3.753237556,-67859.25944,11.02500417,10,0.001503689,4.40E-07
13/02/2023 11:00,3.93695554,393431.7824,13.60624478,11,0.001644963,5.91E-07
13/02/2023 12:00,0.953702325,441153.0263,13.46985552,12,0.001693512,6.74E-07
13/02/2023 13:00,0.655678431,196456.2086,13.38567568,13,0.001649878,6.64E-07
13/02/2023 14:00,0.247316309,537118.9215,10.97253544,14,0.001566299,6.05E-07
13/02/2023 15:00,1.776570875,314972.3569,9.784855578,15,0.001409352,4.88E-07
13/02/2023 16:00,0.479135087,-87623.44513,7.307064309,16,0.000929043,2.76E-07
13/02/2023 17:00,1.728907114,16092.32909,3.27216902,17,0.000428718,9.60E-08
13/02/2023 18:00,-0.1194002,-288181.6949,1.522226647,18,6.88E-05,1.06E-08
13/02/2023 19:00,-1.200696419,19249.17777,0.071428812,19,1.13E-07,5.21E-11
13/02/2023 20:00,0.464725837,-179861.0271,-0.266653918,20,9.60E-09,4.56E-12
13/02/2023 21:00,-0.011598982,95338.32428,-0.121132539,21,3.26E-08,9.71E-12
13/02/2023 22:00,-0.776648378,314850.5062,0.315039374,22,3.12E-08,9.79E-12
13/02/2023 23:00,0.207170187,152809.349,0.144162052,23,4.61E-08,1.36E-11
14/02/2023 00:00,0.278074472,-116202.1043,-0.411254705,0,-6.68E-09,-1.03E-12
14/02/2023 01:00,-0.272717426,-467977.1253,0.670396673,1,2.52E-08,7.93E-12
14/02/2023 02:00,0.274797059,34227.97341,1.188214708,2,7.41E-08,2.23E-11
14/02/2023 03:00,0.248382102,-16986.07252,0.403881467,3,6.27E-08,1.93E-11
14/02/2023 04:00,0.4902159,-96254.14825,0.209031438,4,3.46E-08,1.15E-11
14/02/2023 05:00,0.854072338,-198858.3055,1.613803399,5,2.33E-08,7.36E-12
14/02/2023 06:00,0.888187836,-117812.9601,2.135629212,6,3.57E-07,4.35E-11
14/02/2023 07:00,0.734502335,151064.1844,2.025052812,7,8.72E-05,1.08E-08
14/02/2023 08:00,1.244310876,-136778.6096,2.290497305,8,0.000533131,8.16E-08
14/02/2023 09:00,1.517271773,198812.5532,5.001175761,9,0.00108654,2.30E-07
14/02/2023 10:00,0.965925209,1042540.798,5.952706337,10,0.0014129,4.15E-07
14/02/2023 11:00,NA,1645072.629,6.999881108,11,0.001577946,5.67E-07
14/02/2023 12:00,0.143332486,1013563.936,8.713858786,12,0.001641842,6.52E-07
14/02/2023 13:00,-0.461502124,2896417.421,9.143854215,13,0.001647563,6.65E-07
14/02/2023 14:00,0.25099192,2620321.113,8.259440152,14,0.001420696,5.57E-07
14/02/2023 15:00,0.366617373,2083789.312,6.784195736,15,0.001370155,4.75E-07
14/02/2023 16:00,1.14646245,1112738.018,5.635811023,16,0.000848773,2.53E-07
14/02/2023 17:00,1.319434828,1096629.125,3.110327516,17,0.000456238,9.82E-08
14/02/2023 18:00,-0.364125251,21965.79944,1.564688887,18,7.52E-05,1.13E-08
14/02/2023 19:00,-0.250372075,-211414.9631,-0.268044296,19,1.39E-07,6.53E-11
14/02/2023 20:00,0.38038861,-351596.6405,-0.736037041,20,3.82E-09,3.74E-13
14/02/2023 21:00,-0.422277688,-372475.5253,-0.017069275,21,2.20E-08,7.39E-12
14/02/2023 22:00,-0.49503914,-139312.692,0.466668462,22,3.37E-08,1.09E-11
14/02/2023 23:00,0.605122651,-425245.7442,0.64117828,23,2.98E-08,9.75E-12
15/02/2023 00:00,0.082211061,-211024.7758,0.312855942,0,2.36E-08,7.93E-12
15/02/2023 01:00,-0.503808922,-298665.018,-0.368746407,1,3.10E-08,1.01E-11
15/02/2023 02:00,0.178154059,-36965.505,0.107115696,2,3.07E-08,1.01E-11
15/02/2023 03:00,0.334142125,351185.5893,-0.212955803,3,2.30E-08,7.79E-12
15/02/2023 04:00,0.016333242,-303137.0139,0.58270134,4,2.69E-08,8.78E-12
15/02/2023 05:00,0.18625659,-91194.50252,0.795644481,5,2.73E-08,9.14E-12
15/02/2023 06:00,1.090055106,37955.63438,0.892344446,6,4.32E-06,4.25E-10
15/02/2023 07:00,1.482246691,-102901.5768,0.88533774,7,8.88E-05,1.05E-08
15/02/2023 08:00,0.6371575,201159.2234,0.504452342,8,0.000546874,8.15E-08
15/02/2023 09:00,-0.703580678,2479250.098,5.403008497,9,0.001072367,2.03E-07
15/02/2023 10:00,0.517045824,2871113.129,5.816670357,10,0.001119688,3.24E-07
15/02/2023 11:00,0.969494447,3307869.621,6.287278022,11,0.00143679,5.08E-07
15/02/2023 12:00,1.61432797,3984538.582,8.321772816,12,0.001731208,6.67E-07
15/02/2023 13:00,1.36635677,3958398.464,7.509808732,13,0.001529462,6.21E-07
15/02/2023 14:00,1.097623092,3186772.135,6.658637111,14,0.001945907,6.09E-07
15/02/2023 15:00,0.28991657,2001987.177,5.580734842,15,0.001364507,4.75E-07
15/02/2023 16:00,1.896158779,1429157.62,4.897334528,16,0.00088918,2.53E-07
15/02/2023 17:00,0.746279427,388931.1037,2.202680831,17,0.000357293,7.94E-08
15/02/2023 18:00,0.883359396,-107457.747,0.829396107,18,8.00E-05,1.29E-08
15/02/2023 19:00,-1.627364382,-80160.33058,0.481138133,19,1.91E-07,3.56E-11
15/02/2023 20:00,-0.585980416,588709.4657,-0.030568608,20,2.19E-08,8.29E-12
15/02/2023 21:00,0.927550156,407138.9603,-0.285974758,21,2.20E-08,7.39E-12
15/02/2023 22:00,0.248713622,-76809.93451,-0.525707828,22,3.37E-08,1.09E-11
15/02/2023 23:00,0.124586997,41817.43733,0.022063427,23,2.98E-08,9.75E-12
16/02/2023 00:00,-0.082087764,-5752.504455,-0.057759794,0,2.36E-08,7.93E-12
16/02/2023 01:00,-0.053516635,19171.50648,-0.043031858,1,3.10E-08,1.01E-11
16/02/2023 02:00,-0.177492667,489666.9511,0.399413748,2,3.07E-08,1.01E-11
16/02/2023 03:00,0.611250493,6698.3913,1.071133668,3,2.30E-08,7.79E-12
16/02/2023 04:00,-0.390859257,-264995.5847,1.107970059,4,2.69E-08,8.78E-12
16/02/2023 05:00,-0.644385573,194223.394,0.853488543,5,2.73E-08,9.14E-12
16/02/2023 06:00,-0.342731982,-108916.1565,1.088223872,6,4.32E-06,4.25E-10
16/02/2023 07:00,0.09114029,39805.77628,1.324653894,7,7.44E-05,9.09E-09
16/02/2023 08:00,0.258473717,229172.1324,3.697394582,8,0.00055898,8.32E-08
16/02/2023 09:00,2.499722712,1960702.146,6.194902485,9,0.000994088,1.92E-07
16/02/2023 10:00,2.650739034,2469714.632,5.767921118,10,0.001053042,3.04E-07
16/02/2023 11:00,3.919554862,2674249.777,7.707229822,11,0.001421023,5.03E-07
16/02/2023 12:00,5.499762026,3732274.563,10.24012251,12,0.001737345,6.69E-07
16/02/2023 13:00,3.494149898,4075908.252,9.172802592,13,0.001451343,5.91E-07
16/02/2023 14:00,5.279716972,2637050.575,8.352795653,14,0.001697599,5.14E-07
16/02/2023 15:00,3.891344255,3037239.878,6.794306057,15,0.001187499,4.16E-07
16/02/2023 16:00,3.496813491,1023347.899,NA,16,0.000940953,2.67E-07
16/02/2023 17:00,2.260338738,135144.2427,3.991279325,17,0.000404414,8.84E-08
16/02/2023 18:00,1.137537856,-317733.8591,2.75862507,18,8.00E-05,1.29E-08
16/02/2023 19:00,0.732058378,10968.89914,1.869742892,19,1.91E-07,3.56E-11
16/02/2023 20:00,1.306693692,-15776.19596,1.086739705,20,2.19E-08,8.29E-12
16/02/2023 21:00,0.579845969,-267310.221,0.042218003,21,2.20E-08,7.39E-12
16/02/2023 22:00,0.511346415,-256456.0705,0.632995687,22,3.37E-08,1.09E-11
16/02/2023 23:00,0.785455947,-27849.1673,1.876594352,23,2.98E-08,9.75E-12
17/02/2023 00:00,NA,71603.35579,1.619328607,0,2.36E-08,7.93E-12
17/02/2023 01:00,-1.293331129,25911.41525,1.558247194,1,3.10E-08,1.01E-11
17/02/2023 02:00,-0.078494466,-203071.6279,1.238181479,2,3.07E-08,1.01E-11
17/02/2023 03:00,-0.243104,971977.5171,2.102356906,3,2.30E-08,7.79E-12
17/02/2023 04:00,-0.57491008,479644.5372,2.548014859,4,2.69E-08,8.78E-12
17/02/2023 05:00,0.280054888,73202.08132,NA,5,2.73E-08,9.14E-12
17/02/2023 06:00,-0.252612518,47609.29652,NA,6,4.32E-06,4.25E-10
17/02/2023 07:00,-0.77135681,178653.316,NA,7,8.31E-05,9.94E-09
17/02/2023 08:00,0.241311853,770363.3476,NA,8,0.000503656,7.57E-08
17/02/2023 09:00,1.006226107,1483360.122,9.056917036,9,0.001094736,2.06E-07
17/02/2023 10:00,1.273515483,2278729.535,8.381025402,10,0.001079467,3.12E-07
17/02/2023 11:00,1.516658637,3444095.33,NA,11,0.0014961,5.30E-07
17/02/2023 12:00,1.349309513,3983334,NA,12,0.00167052,6.43E-07
17/02/2023 13:00,1.497168458,2485369.381,NA,13,0.001480333,6.02E-07
17/02/2023 14:00,1.658904291,2853031.718,NA,14,0.001807135,5.56E-07
17/02/2023 15:00,1.379345819,1274544.544,NA,15,0.001060251,3.73E-07
17/02/2023 16:00,0.372991771,1096420.108,NA,16,0.000769263,2.21E-07
17/02/2023 17:00,0.03451754,-42360.26093,NA,17,0.000410407,8.96E-08
17/02/2023 18:00,-0.179971498,-265526.7182,NA,18,8.00E-05,1.29E-08
17/02/2023 19:00,0.110970792,-321160.952,1.313774209,19,1.91E-07,3.56E-11
17/02/2023 20:00,-0.299384306,13639.6725,1.541875112,20,2.19E-08,8.29E-12
17/02/2023 21:00,-0.041355117,-91397.09831,1.494165244,21,2.20E-08,7.39E-12
17/02/2023 22:00,0.828194512,127555.3425,1.197997176,22,3.37E-08,1.09E-11
17/02/2023 23:00,-0.397970614,371690.5604,2.052167288,23,2.98E-08,9.75E-12
18/02/2023 00:00,-0.39565035,380302.7305,2.004971134,0,2.36E-08,7.93E-12
18/02/2023 01:00,1.343355144,420779.8102,NA,1,3.10E-08,1.01E-11
18/02/2023 02:00,-0.552484244,463765.5696,0.543360306,2,3.07E-08,1.01E-11
18/02/2023 03:00,0.590246977,504990.5757,1.756994157,3,2.30E-08,7.79E-12
18/02/2023 04:00,-0.345271652,545775.3933,3.304137654,4,2.69E-08,8.78E-12
18/02/2023 05:00,-0.983887806,586560.211,0.191730591,5,2.73E-08,9.14E-12
18/02/2023 06:00,-1.156426143,627345.0286,NA,6,4.32E-06,4.25E-10
18/02/2023 07:00,-0.00440488,668129.8463,NA,7,6.18E-05,7.86E-09
18/02/2023 08:00,0.763133315,708914.664,NA,8,0.000402491,6.20E-08
18/02/2023 09:00,1.981445547,1191652.998,5.725521164,9,0.000915585,1.81E-07
18/02/2023 10:00,-0.198753747,3593052.687,5.624342616,10,0.000887,2.55E-07
18/02/2023 11:00,1.588391694,4302962.395,6.733105839,11,0.001284798,4.54E-07
18/02/2023 12:00,0.89269574,4431510.832,14.88926825,12,0.001600785,6.16E-07
18/02/2023 13:00,1.346400807,3745875.317,13.40750407,13,0.001527092,6.21E-07
18/02/2023 14:00,1.296872981,4072196.064,9.833585818,14,0.001587399,4.72E-07
18/02/2023 15:00,1.172734173,1676235.658,8.090896806,15,0.001170096,4.10E-07
18/02/2023 16:00,0.631072158,830604.3473,6.360325872,16,0.000798085,2.29E-07
18/02/2023 17:00,-0.424974733,375351.3651,2.895506772,17,0.000374396,8.27E-08
18/02/2023 18:00,-1.000868155,-237658.5047,2.570687018,18,8.00E-05,1.29E-08
18/02/2023 19:00,0.902811491,-59953.65193,NA,19,1.91E-07,3.56E-11
18/02/2023 20:00,-0.338134558,421100.1426,NA,20,2.19E-08,8.29E-12
18/02/2023 21:00,0.06050537,442229.8888,NA,21,2.20E-08,7.39E-12
18/02/2023 22:00,1.548241477,352085.4509,NA,22,3.37E-08,1.09E-11
18/02/2023 23:00,0.057869348,605650.4976,NA,23,2.98E-08,9.75E-12
19/02/2023 00:00,0.680653621,498692.1759,NA,0,2.36E-08,7.93E-12
19/02/2023 01:00,-0.654304759,436152.0108,NA,1,3.10E-08,1.01E-11
19/02/2023 02:00,-0.713842584,1163762.65,NA,2,3.07E-08,1.01E-11
19/02/2023 03:00,-0.480998154,777518.9613,NA,3,2.30E-08,7.79E-12
19/02/2023 04:00,0.625730871,911733.8108,NA,4,2.69E-08,8.78E-12
19/02/2023 05:00,-0.326952442,494219.0521,NA,5,2.73E-08,9.14E-12
19/02/2023 06:00,0.027861152,732116.8095,NA,6,4.32E-06,4.25E-10
19/02/2023 07:00,0.056224214,455515.1921,NA,7,6.17E-05,7.84E-09
19/02/2023 08:00,-0.619440172,655751.4962,NA,8,0.000456449,6.93E-08
19/02/2023 09:00,-0.394727958,1442954.137,NA,9,0.00089681,1.79E-07
19/02/2023 10:00,1.382234138,2966948.262,NA,10,0.001151754,3.33E-07
19/02/2023 11:00,-0.142957175,3843984.377,NA,11,0.00147978,5.24E-07
19/02/2023 12:00,0.620523176,3763992.205,15.28014113,12,0.001681198,6.47E-07
19/02/2023 13:00,NA,3101462.945,12.2666055,13,0.001544156,6.27E-07
19/02/2023 14:00,-0.129812665,3445130.817,11.70809128,14,0.001657647,4.99E-07
19/02/2023 15:00,0.194039461,2965927.332,9.391620218,15,0.001170269,4.10E-07
19/02/2023 16:00,0.169612068,594987.4475,7.229419251,16,0.00072641,2.10E-07
19/02/2023 17:00,0.782260553,-66229.80267,6.268559765,17,0.000393886,8.64E-08
19/02/2023 18:00,-0.559837239,-482882.5198,2.190941122,18,8.00E-05,1.29E-08
19/02/2023 19:00,-0.633933007,-170468.9802,NA,19,1.91E-07,3.56E-11
19/02/2023 20:00,-0.546248716,-335772.9956,NA,20,2.19E-08,8.29E-12
19/02/2023 21:00,-0.038853543,-547025.6836,NA,21,2.20E-08,7.39E-12
19/02/2023 22:00,-0.290243882,-388411.3451,NA,22,3.37E-08,1.09E-11
19/02/2023 23:00,0.816279841,-593219.3507,NA,23,2.98E-08,9.75E-12
20/02/2023 00:00,-0.402585903,-299244.7061,NA,0,2.36E-08,7.93E-12
20/02/2023 01:00,0.183378712,-215948.0838,NA,1,3.10E-08,1.01E-11
20/02/2023 02:00,-0.699682311,-249856.0765,NA,2,3.07E-08,1.01E-11
20/02/2023 03:00,0.154842498,3259.777965,NA,3,2.30E-08,7.79E-12
20/02/2023 04:00,-0.735473309,-263230.4423,NA,4,2.69E-08,8.78E-12
20/02/2023 05:00,0.24955899,-393047.9735,NA,5,2.73E-08,9.14E-12
20/02/2023 06:00,0.352243181,-320349.3999,NA,6,4.32E-06,4.25E-10
20/02/2023 07:00,-0.127825255,-170689.9519,NA,7,4.03E-05,5.76E-09
20/02/2023 08:00,-0.802642889,298321.2195,NA,8,0.000347854,5.46E-08
20/02/2023 09:00,0.603207544,1778021.166,NA,9,0.000661978,1.47E-07
20/02/2023 10:00,-0.725902312,1838350.007,7.626380257,10,0.000702717,2.00E-07
20/02/2023 11:00,0.577428457,2294327.608,7.807961693,11,0.00099345,3.49E-07
20/02/2023 12:00,0.943220993,1016680.674,6.145531953,12,0.001143615,4.40E-07
20/02/2023 13:00,0.155566197,1110744.457,6.856963772,13,0.001004338,4.16E-07
20/02/2023 14:00,-0.657141661,276865.7406,6.525487557,14,0.000261894,9.70E-08
20/02/2023 15:00,1.259663823,375737.089,4.364255377,15,0.000336539,1.19E-07
20/02/2023 16:00,0.224585604,-274798.5954,3.828622487,16,0.000208346,6.73E-08
20/02/2023 17:00,1.172296532,1475656.947,3.16012835,17,0.000173342,4.21E-08
20/02/2023 18:00,0.037210283,841016.9032,2.036142214,18,4.00E-05,6.92E-09
20/02/2023 19:00,-0.348647549,789465.3893,0.239295992,19,2.49E-08,3.13E-12
20/02/2023 20:00,-0.082655326,737913.8754,-0.405395147,20,1.32E-08,8.16E-12
20/02/2023 21:00,0.237694345,686362.3615,-0.600755358,21,-2.15E-08,-4.77E-12
20/02/2023 22:00,1.397553752,634810.8475,-0.725278602,22,-3.55E-09,-3.58E-13
20/02/2023 23:00,0.07008567,583259.3336,-0.692744846,23,-1.88E-08,-4.32E-12
21/02/2023 00:00,0.261173979,531707.8197,NA,0,-2.22E-08,-5.33E-12
21/02/2023 01:00,-0.414665939,480156.3058,NA,1,-5.18E-08,-1.45E-11
21/02/2023 02:00,-0.625652123,428604.7919,NA,2,-3.84E-08,-9.40E-12
21/02/2023 03:00,0.548118645,377053.278,NA,3,5.78E-10,1.19E-12
21/02/2023 04:00,0.343099993,325501.7641,NA,4,-3.44E-08,-8.95E-12
21/02/2023 05:00,-0.881829143,273950.2502,NA,5,-7.48E-09,-1.05E-12
21/02/2023 06:00,0.084352604,222398.7363,NA,6,2.22E-07,1.65E-11
21/02/2023 07:00,-0.223708586,170847.2224,NA,7,7.01E-05,9.02E-09
21/02/2023 08:00,-1.243847633,330736.4269,-2.571890346,8,0.000325923,4.98E-08
21/02/2023 09:00,-0.182835934,588518.1456,-0.204897445,9,0.000340708,6.48E-08
21/02/2023 10:00,2.011240966,810568.3849,0.88642873,10,0.000662035,1.69E-07
21/02/2023 11:00,-0.489550375,2685917.268,5.245297796,11,0.001046263,3.48E-07
21/02/2023 12:00,-0.336383589,4220441.39,11.99254363,12,0.001354303,5.02E-07
21/02/2023 13:00,0.089264509,2766093.312,21.6794991,13,0.001267498,4.87E-07
21/02/2023 14:00,1.140328568,1790871.123,15.08691761,14,0.001048507,3.99E-07
21/02/2023 15:00,0.178339156,1425657.069,11.11519473,15,0.000632817,2.25E-07
21/02/2023 16:00,0.965028997,506540.7515,NA,16,0.000327329,1.03E-07
21/02/2023 17:00,-0.92159176,18202.32558,NA,17,0.00019435,4.48E-08
21/02/2023 18:00,-0.548392349,-263031.5195,-0.267457289,18,3.76E-05,6.23E-09
21/02/2023 19:00,-0.070989049,-205618.7028,-0.191692297,19,6.84E-09,-1.38E-11
21/02/2023 20:00,-0.367765682,-196420.3689,-0.599798916,20,-5.50E-08,-1.54E-11
21/02/2023 21:00,-1.078166717,-150538.8273,-0.464488604,21,-1.80E-08,-5.39E-12
21/02/2023 22:00,-0.397195052,195553.2996,-0.464498041,22,2.29E-09,1.60E-12
21/02/2023 23:00,1.032242346,62596.42129,0.071346508,23,2.79E-08,8.46E-12
22/02/2023 00:00,-0.220053875,238167.0366,-0.797647202,0,-7.32E-09,-9.46E-13
22/02/2023 01:00,0.857582265,1360.4088,-0.196848335,1,4.05E-08,1.26E-11
22/02/2023 02:00,NA,-464863.8183,0.066028057,2,3.32E-09,1.88E-12
22/02/2023 03:00,-1.249679957,-224310.5802,-0.197427068,3,1.76E-08,5.31E-12
22/02/2023 04:00,-0.747367782,162594.65,0.546338667,4,2.79E-08,8.53E-12
22/02/2023 05:00,-0.190021802,264376.3423,0.600582202,5,9.79E-09,3.50E-12
22/02/2023 06:00,-1.131620982,-16788.05054,0.169291508,6,2.88E-07,2.27E-11
22/02/2023 07:00,-0.555953812,-169186.8338,-0.868084342,7,4.09E-05,4.95E-09
22/02/2023 08:00,-0.701236893,224843.4111,-0.113041169,8,0.000195825,3.23E-08
22/02/2023 09:00,0.255455791,1673677.865,1.081771064,9,0.000368909,7.76E-08
22/02/2023 10:00,-0.215246195,3050548.651,2.042052993,10,0.001114183,2.94E-07
22/02/2023 11:00,0.386242532,4210561.939,14.03084472,11,0.001388428,4.48E-07
22/02/2023 12:00,-0.252238683,2918763.059,21.39823886,12,0.0011025,4.08E-07
22/02/2023 13:00,-1.023000564,4944041.433,15.45421686,13,0.00144113,5.58E-07
22/02/2023 14:00,0.401434489,3882534.015,14.64927696,14,0.00127147,4.83E-07
22/02/2023 15:00,-0.698272269,2176075.436,11.37463793,15,0.001030159,3.59E-07
22/02/2023 16:00,0.925408714,845354.8187,9.475246824,16,0.000533839,1.63E-07
22/02/2023 17:00,-0.590045967,130186.8917,1.025247826,17,0.000193748,4.82E-08
22/02/2023 18:00,-0.88736455,337299.7145,-0.279101186,18,3.16E-05,5.02E-09
22/02/2023 19:00,-0.395016816,685428.7504,-2.827274516,19,5.76E-08,1.11E-11
22/02/2023 20:00,-0.711461124,671024.9646,-1.964417098,20,2.71E-08,9.23E-12
22/02/2023 21:00,-1.500024123,642538.4855,-1.746469681,21,-5.45E-08,-1.49E-11
22/02/2023 22:00,0.258075217,555905.6213,-1.017905464,22,2.92E-09,1.31E-12
22/02/2023 23:00,-0.709861714,445541.569,-0.523816183,23,1.68E-08,5.44E-12
23/02/2023 00:00,-0.591535199,84286.56019,0.253847015,0,-2.11E-09,-2.56E-13
23/02/2023 01:00,0.233179311,-169669.0301,-0.451693751,1,5.00E-08,1.46E-11
23/02/2023 02:00,0.370422915,449216.1053,-0.623276646,2,3.71E-08,1.15E-11
23/02/2023 03:00,0.416615679,-21107.85912,0.411478156,3,-7.37E-09,-1.45E-12
23/02/2023 04:00,0.378567389,426417.8502,0.529370988,4,6.00E-09,2.13E-12
23/02/2023 05:00,-0.356608545,85917.89973,1.162891345,5,-2.14E-09,2.69E-28
23/02/2023 06:00,-0.158107281,-256192.4621,0.634247242,6,1.38E-07,1.88E-11
23/02/2023 07:00,0.259640831,24781.48888,0.427901623,7,4.14E-05,5.62E-09
23/02/2023 08:00,-0.174600255,571096.3106,0.872983805,8,0.000282672,4.79E-08
23/02/2023 09:00,0.346257746,538931.9474,2.256763116,9,0.00060771,1.18E-07
23/02/2023 10:00,0.043110762,1235100.868,NA,10,0.001090655,2.79E-07
23/02/2023 11:00,0.746372983,1212589.359,15.73523836,11,0.001083577,3.56E-07
23/02/2023 12:00,0.654731947,1751205.232,16.58495148,12,0.00131736,4.82E-07
23/02/2023 13:00,1.083561105,736553.4149,17.51490924,13,0.00087939,3.39E-07
23/02/2023 14:00,-0.803065791,759989.1263,11.78251648,14,0.001207937,4.53E-07
23/02/2023 15:00,0.029338102,632455.3671,14.78865839,15,0.00113393,3.89E-07
23/02/2023 16:00,0.737197093,259876.311,11.85021241,16,0.00077001,2.22E-07
23/02/2023 17:00,0.808441116,-37455.5145,8.442383812,17,0.000287299,6.46E-08
23/02/2023 18:00,0.631113938,-246450.149,2.320206754,18,5.56E-05,8.63E-09
23/02/2023 19:00,0.333897539,-621176.6066,0.605653332,19,8.01E-08,1.66E-11
23/02/2023 20:00,-1.086959897,-417009.9162,-0.839490797,20,3.44E-08,1.03E-11
23/02/2023 21:00,0.813953961,-311233.2082,-0.294558968,21,1.36E-08,4.65E-12
23/02/2023 22:00,-0.365952708,-332730.4971,-0.33863471,22,1.86E-08,6.19E-12
23/02/2023 23:00,-0.373797355,-370895.2026,-0.480011916,23,4.44E-09,2.01E-12
24/02/2023 00:00,-0.089268835,-640765.4324,-0.439872423,0,1.56E-08,4.95E-12
24/02/2023 01:00,0.176550931,-469920.4218,0.184491806,1,1.62E-08,4.97E-12
24/02/2023 02:00,0.278332678,-485667.372,0.134768732,2,-9.53E-09,-2.62E-12
24/02/2023 03:00,0.356086254,-210045.0469,0.599466758,3,1.22E-08,4.88E-12
24/02/2023 04:00,0.58049637,-516085.529,1.108703703,4,2.10E-08,6.86E-12
24/02/2023 05:00,-0.000473559,-64411.48278,1.304518195,5,-2.70E-09,-1.31E-13
24/02/2023 06:00,0.176650025,-640039.6686,1.644604813,6,5.71E-07,5.49E-11
24/02/2023 07:00,0.186780151,-287179.0414,1.717198544,7,8.76E-05,1.08E-08
24/02/2023 08:00,0.213261864,-782129.9453,1.279156651,8,0.000460629,7.04E-08
24/02/2023 09:00,2.845300991,-585308.7718,4.582657094,9,0.000825095,1.55E-07
24/02/2023 10:00,5.564651688,-347164.5093,NA,10,0.001192878,3.13E-07
24/02/2023 11:00,2.584131627,-109020.2468,NA,11,0.001406781,4.65E-07
24/02/2023 12:00,1.547414037,129124.0157,8.300217756,12,0.001457289,5.54E-07
24/02/2023 13:00,0.292644924,367268.2781,8.4124177,13,0.001449309,5.72E-07
24/02/2023 14:00,2.545966502,1625815.975,9.234437378,14,0.001331056,5.16E-07
24/02/2023 15:00,NA,1197715.94,6.532326149,15,0.001150141,4.03E-07
24/02/2023 16:00,-0.1365561,-64875.92329,6.254378756,16,0.000605019,1.84E-07
24/02/2023 17:00,1.219289544,24470.46367,4.096695022,17,0.000288107,6.70E-08
24/02/2023 18:00,0.525342152,-127445.4907,0.390889291,18,5.87E-05,9.57E-09
24/02/2023 19:00,-0.823461298,-197435.7233,-2.224208763,19,5.70E-08,6.33E-12
24/02/2023 20:00,1.018100224,-35263.79735,-2.013215928,20,2.11E-09,1.89E-12
24/02/2023 21:00,0.943812205,-34746.01546,-2.159670195,21,2.60E-08,8.40E-12
24/02/2023 22:00,0.030811034,-114185.5402,-1.378471014,22,2.40E-08,8.08E-12
24/02/2023 23:00,-0.065642367,-133948.159,-1.099117204,23,2.58E-08,8.42E-12
25/02/2023 00:00,0.185981063,-52259.58329,-0.505830165,0,3.66E-08,1.19E-11
25/02/2023 01:00,-0.310807295,-35224.7047,0.485044145,1,5.77E-09,2.54E-12
25/02/2023 02:00,-0.032989745,-304233.7236,1.337640417,2,3.95E-08,1.20E-11
25/02/2023 03:00,0.095347437,-253180.8033,-0.100821291,3,-2.27E-08,-5.48E-12
25/02/2023 04:00,0.09281792,-174011.4571,0.589012373,4,4.38E-08,1.35E-11
25/02/2023 05:00,0.562471692,-117239.3621,1.176046497,5,3.01E-08,1.01E-11
25/02/2023 06:00,-0.274506763,-70140.37479,1.670549152,6,4.66E-07,5.77E-11
25/02/2023 07:00,-0.00543362,-468431.4257,1.272639091,7,6.92E-05,9.71E-09
25/02/2023 08:00,2.538068357,112801.8543,1.53366176,8,0.000293359,5.17E-08
25/02/2023 09:00,1.335654312,873095.6706,2.305977341,9,0.000708679,1.43E-07
25/02/2023 10:00,2.022897175,2237733.615,NA,10,0.001196713,3.21E-07
25/02/2023 11:00,1.713129212,1665441.182,NA,11,0.001376831,4.61E-07
25/02/2023 12:00,1.127669077,1107894.74,NA,12,0.001432893,5.51E-07
25/02/2023 13:00,0.94768363,849856.3268,NA,13,0.001436243,5.72E-07
25/02/2023 14:00,1.147631083,1590521.417,NA,14,0.001228757,4.77E-07
25/02/2023 15:00,0.252425139,1396207.929,NA,15,0.000982638,3.54E-07
25/02/2023 16:00,1.531297841,784642.43,NA,16,0.000538198,1.68E-07
25/02/2023 17:00,1.818509987,1210665.449,NA,17,0.000223768,5.59E-08
25/02/2023 18:00,0.839401464,398713.1128,NA,18,4.15E-05,7.05E-09
25/02/2023 19:00,0.256905428,321499.3378,NA,19,1.30E-07,3.83E-11
25/02/2023 20:00,0.113116023,281353.7509,NA,20,2.34E-08,8.77E-12
25/02/2023 21:00,-0.079936172,241208.1639,NA,21,-7.35E-09,-2.13E-12
25/02/2023 22:00,-0.477821369,201062.577,NA,22,4.63E-08,1.45E-11
25/02/2023 23:00,-0.263743368,160916.9901,NA,23,2.05E-08,7.36E-12
26/02/2023 00:00,0.446559115,120771.4032,NA,0,-1.20E-08,-2.75E-12
26/02/2023 01:00,-0.45480299,80625.81623,NA,1,4.61E-08,1.42E-11
26/02/2023 02:00,0.543320347,40480.2293,NA,2,4.22E-08,1.28E-11
26/02/2023 03:00,0.551563119,334.6423739,NA,3,-1.60E-08,-3.78E-12
26/02/2023 04:00,0.251865862,-39810.94455,NA,4,-2.79E-08,-7.04E-12
26/02/2023 05:00,0.305693076,-79956.53148,NA,5,2.21E-08,7.69E-12
26/02/2023 06:00,0.570671103,-120102.1184,NA,6,7.21E-07,7.31E-11
26/02/2023 07:00,1.633846483,-160247.7053,NA,7,0.00011419,1.50E-08
26/02/2023 08:00,-0.394360278,-200393.2923,NA,8,0.00047314,7.78E-08
26/02/2023 09:00,0.337079956,-240538.8792,NA,9,0.000861383,1.74E-07
26/02/2023 10:00,1.674311932,-280684.4661,NA,10,0.001316116,3.61E-07
26/02/2023 11:00,1.766292591,-320830.0531,9.723889572,11,0.001450027,4.98E-07
26/02/2023 12:00,1.998578766,-360975.64,9.909628959,12,0.001580743,6.23E-07
26/02/2023 13:00,0.566974556,-401121.2269,7.963598247,13,0.001618652,6.70E-07
26/02/2023 14:00,1.440136122,-441266.8138,6.739819697,14,0.001551317,6.28E-07
26/02/2023 15:00,2.000310987,-481412.4008,5.800703703,15,0.001380824,5.04E-07
26/02/2023 16:00,1.495257557,-521557.9877,3.967619358,16,0.000994948,3.01E-07
26/02/2023 17:00,1.243076689,-626643.5688,1.966387633,17,0.000499563,1.13E-07
26/02/2023 18:00,0.425297669,NA,-0.473930843,18,8.64E-05,1.36E-08
26/02/2023 19:00,-0.115141111,NA,NA,19,1.23E-07,2.26E-11
26/02/2023 20:00,1.145129069,NA,NA,20,-2.00E-08,-4.36E-12
26/02/2023 21:00,0.258545863,NA,NA,21,-4.57E-08,-1.21E-11
26/02/2023 22:00,-0.717020974,NA,NA,22,-2.71E-08,-6.92E-12
26/02/2023 23:00,0.476300456,NA,NA,23,-4.32E-08,-1.16E-11
27/02/2023 00:00,0.821175382,NA,NA,0,-5.30E-08,-1.42E-11
27/02/2023 01:00,-0.4911876,NA,NA,1,-9.91E-09,-1.58E-12
27/02/2023 02:00,-0.374879951,NA,NA,2,7.42E-09,3.40E-12
27/02/2023 03:00,0.312012597,NA,NA,3,-9.28E-09,-1.05E-12
27/02/2023 04:00,NA,NA,NA,4,1.88E-08,6.49E-12
27/02/2023 05:00,-1.775721266,NA,NA,5,-3.99E-08,-1.12E-11
27/02/2023 06:00,-0.867919296,NA,NA,6,8.61E-07,8.82E-11
27/02/2023 07:00,-0.34867586,NA,NA,7,0.000110463,1.51E-08
27/02/2023 08:00,-0.267861004,NA,NA,8,0.000446479,7.34E-08
27/02/2023 09:00,-0.012855271,NA,NA,9,0.000824088,1.71E-07
27/02/2023 10:00,-0.210431486,NA,NA,10,0.001229902,3.50E-07
27/02/2023 11:00,0.179351781,NA,NA,11,0.001555218,5.53E-07
27/02/2023 12:00,-0.102754933,NA,NA,12,0.001569686,6.21E-07
27/02/2023 13:00,0.947816132,NA,NA,13,0.001523364,6.29E-07
27/02/2023 14:00,0.860946896,NA,NA,14,0.001432243,5.55E-07
27/02/2023 15:00,0.52280928,NA,NA,15,0.001214499,4.38E-07
27/02/2023 16:00,1.10025025,NA,NA,16,0.000880607,2.66E-07
27/02/2023 17:00,1.514687433,NA,NA,17,0.000445044,1.02E-07
27/02/2023 18:00,0.588737526,NA,NA,18,8.00E-05,1.29E-08
27/02/2023 19:00,-0.444206548,NA,NA,19,1.91E-07,3.56E-11
27/02/2023 20:00,-1.276781922,NA,NA,20,2.19E-08,8.29E-12
27/02/2023 21:00,0.13547832,NA,NA,21,2.20E-08,7.39E-12
27/02/2023 22:00,-1.343660188,NA,NA,22,3.37E-08,1.09E-11
27/02/2023 23:00,-0.542922029,NA,NA,23,2.98E-08,9.75E-12
28/02/2023 00:00,0.959610789,NA,NA,0,2.36E-08,7.93E-12
28/02/2023 01:00,0.17958617,NA,NA,1,3.10E-08,1.01E-11
28/02/2023 02:00,NA,NA,NA,2,3.07E-08,1.01E-11
28/02/2023 03:00,NA,NA,NA,3,2.30E-08,7.79E-12
28/02/2023 04:00,NA,NA,NA,4,2.69E-08,8.78E-12
28/02/2023 05:00,NA,NA,NA,5,2.73E-08,9.14E-12
28/02/2023 06:00,NA,NA,NA,6,4.32E-06,4.25E-10
28/02/2023 07:00,NA,NA,NA,7,0.00013815,1.79E-08
28/02/2023 08:00,NA,NA,NA,8,0.000537771,8.56E-08
28/02/2023 09:00,NA,NA,NA,9,0.000926262,1.93E-07
28/02/2023 10:00,NA,NA,NA,10,0.001234491,3.58E-07
28/02/2023 11:00,NA,NA,NA,11,0.001450644,5.19E-07
28/02/2023 12:00,NA,NA,NA,12,0.001552743,6.19E-07
28/02/2023 13:00,NA,NA,NA,13,0.001523364,6.29E-07
28/02/2023 14:00,NA,NA,NA,14,0.001432243,5.55E-07
28/02/2023 15:00,NA,NA,NA,15,0.001214499,4.38E-07
28/02/2023 16:00,NA,NA,NA,16,0.000880607,2.66E-07
28/02/2023 17:00,NA,NA,NA,17,0.000445044,1.02E-07
28/02/2023 18:00,NA,NA,NA,18,8.00E-05,1.29E-08
28/02/2023 19:00,NA,NA,NA,19,1.91E-07,3.56E-11
28/02/2023 20:00,NA,NA,NA,20,2.19E-08,8.29E-12
28/02/2023 21:00,NA,NA,NA,21,2.20E-08,7.39E-12
28/02/2023 22:00,NA,NA,NA,22,3.37E-08,1.09E-11
28/02/2023 23:00,NA,NA,NA,23,2.98E-08,9.75E-12
01/03/2023 00:00,NA,NA,NA,0,2.36E-08,7.93E-12
01/03/2023 01:00,NA,NA,NA,1,3.10E-08,1.01E-11
01/03/2023 02:00,NA,NA,NA,2,3.07E-08,1.01E-11
01/03/2023 03:00,NA,NA,NA,3,2.30E-08,7.79E-12
01/03/2023 04:00,NA,NA,NA,4,2.69E-08,8.78E-12
01/03/2023 05:00,NA,NA,NA,5,2.73E-08,9.14E-12
01/03/2023 06:00,NA,NA,NA,6,4.32E-06,4.25E-10
01/03/2023 07:00,NA,NA,NA,7,0.00013815,1.79E-08
01/03/2023 08:00,NA,NA,NA,8,0.000537771,8.56E-08
01/03/2023 09:00,NA,NA,NA,9,0.000926262,1.93E-07
01/03/2023 10:00,NA,NA,NA,10,0.001234491,3.58E-07
01/03/2023 11:00,NA,NA,NA,11,0.001450644,5.19E-07
01/03/2023 12:00,NA,NA,NA,12,0.001552743,6.19E-07
01/03/2023 13:00,NA,NA,NA,13,0.001523364,6.29E-07
01/03/2023 14:00,NA,NA,NA,14,0.001432243,5.55E-07
01/03/2023 15:00,NA,NA,NA,15,0.001214499,4.38E-07
01/03/2023 16:00,NA,NA,NA,16,0.000880607,2.66E-07
01/03/2023 17:00,NA,NA,NA,17,0.000445044,1.02E-07
01/03/2023 18:00,NA,NA,NA,18,8.00E-05,1.29E-08
01/03/2023 19:00,NA,NA,NA,19,1.91E-07,3.56E-11
01/03/2023 20:00,NA,NA,NA,20,2.19E-08,8.29E-12
01/03/2023 21:00,NA,NA,NA,21,2.20E-08,7.39E-12
01/03/2023 22:00,NA,NA,NA,22,3.37E-08,1.09E-11
01/03/2023 23:00,NA,NA,NA,23,2.98E-08,9.75E-12
02/03/2023 00:00,NA,NA,NA,0,2.36E-08,7.93E-12
02/03/2023 01:00,NA,NA,NA,1,3.10E-08,1.01E-11
02/03/2023 02:00,NA,NA,NA,2,3.07E-08,1.01E-11
02/03/2023 03:00,NA,NA,NA,3,2.30E-08,7.79E-12
02/03/2023 04:00,NA,NA,NA,4,2.69E-08,8.78E-12
02/03/2023 05:00,NA,NA,NA,5,2.73E-08,9.14E-12
02/03/2023 06:00,NA,NA,NA,6,4.32E-06,4.25E-10
02/03/2023 07:00,NA,NA,NA,7,0.00013815,1.79E-08
02/03/2023 08:00,NA,NA,NA,8,0.000855985,1.38E-07
02/03/2023 09:00,NA,NA,NA,9,0.000767259,1.54E-07
02/03/2023 10:00,NA,NA,NA,10,0.001234491,3.58E-07
02/03/2023 11:00,NA,NA,NA,11,0.001450644,5.19E-07
02/03/2023 12:00,NA,NA,NA,12,0.001552743,6.19E-07
02/03/2023 13:00,NA,NA,NA,13,0.001523364,6.29E-07
02/03/2023 14:00,NA,NA,NA,14,0.001432243,5.55E-07
02/03/2023 15:00,NA,NA,NA,15,0.001214499,4.38E-07
02/03/2023 16:00,NA,NA,NA,16,0.000673015,1.99E-07
02/03/2023 17:00,NA,NA,NA,17,0.000359041,9.05E-08
02/03/2023 18:00,NA,NA,NA,18,6.53E-05,1.17E-08
02/03/2023 19:00,NA,NA,NA,19,1.29E-07,3.02E-11
02/03/2023 20:00,NA,NA,NA,20,1.38E-08,5.43E-12
02/03/2023 21:00,NA,NA,NA,21,7.00E-08,2.12E-11
02/03/2023 22:00,NA,NA,NA,22,6.23E-08,1.92E-11
02/03/2023 23:00,NA,NA,NA,23,1.53E-08,5.40E-12
03/03/2023 00:00,NA,NA,NA,0,-1.55E-08,-3.00E-12
03/03/2023 01:00,NA,NA,NA,1,5.47E-08,1.71E-11
03/03/2023 02:00,NA,NA,NA,2,6.14E-08,2.01E-11
03/03/2023 03:00,NA,NA,NA,3,3.55E-08,1.17E-11
03/03/2023 04:00,NA,NA,NA,4,7.25E-08,2.18E-11
03/03/2023 05:00,NA,NA,NA,5,3.23E-08,1.10E-11
03/03/2023 06:00,NA,NA,NA,6,1.60E-06,1.53E-10
03/03/2023 07:00,NA,NA,NA,7,0.000168418,2.15E-08
03/03/2023 08:00,NA,NA,NA,8,0.000701947,1.09E-07
03/03/2023 09:00,NA,NA,NA,9,0.000872385,1.91E-07
03/03/2023 10:00,NA,NA,NA,10,0.001306281,3.83E-07
03/03/2023 11:00,NA,NA,NA,11,0.00157129,5.70E-07
03/03/2023 12:00,NA,NA,NA,12,0.001653959,6.76E-07
03/03/2023 13:00,NA,NA,NA,13,0.001659228,7.11E-07
03/03/2023 14:00,NA,NA,NA,14,0.001555668,6.45E-07
03/03/2023 15:00,NA,NA,NA,15,0.001393361,5.25E-07
03/03/2023 16:00,NA,NA,NA,16,0.001063681,3.27E-07
03/03/2023 17:00,NA,NA,NA,17,0.000528535,1.23E-07
03/03/2023 18:00,NA,NA,NA,18,8.43E-05,1.42E-08
03/03/2023 19:00,NA,NA,NA,19,1.36E-07,3.26E-11
03/03/2023 20:00,NA,NA,NA,20,9.11E-08,2.86E-11
03/03/2023 21:00,NA,NA,NA,21,5.77E-08,1.77E-11
03/03/2023 22:00,NA,NA,NA,22,3.17E-08,1.05E-11
03/03/2023 23:00,NA,NA,NA,23,2.35E-08,8.11E-12
04/03/2023 00:00,NA,NA,NA,0,-2.78E-08,-7.49E-12
04/03/2023 01:00,NA,NA,NA,1,1.21E-08,4.91E-12
04/03/2023 02:00,NA,NA,NA,2,2.36E-08,7.93E-12
04/03/2023 03:00,NA,NA,NA,3,3.91E-08,1.30E-11
04/03/2023 04:00,NA,NA,NA,4,4.32E-08,1.38E-11
04/03/2023 05:00,NA,NA,NA,5,4.10E-08,1.37E-11
04/03/2023 06:00,NA,NA,NA,6,1.39E-06,1.36E-10
04/03/2023 07:00,NA,NA,NA,7,0.000132824,1.74E-08
04/03/2023 08:00,NA,NA,NA,8,0.000386386,6.83E-08
04/03/2023 09:00,NA,NA,NA,9,0.000867953,1.85E-07
04/03/2023 10:00,NA,NA,NA,10,0.001415986,4.14E-07
04/03/2023 11:00,NA,NA,NA,11,0.00165568,6.01E-07
04/03/2023 12:00,NA,NA,NA,12,0.00171391,6.98E-07
04/03/2023 13:00,NA,NA,NA,13,0.001599035,6.88E-07
04/03/2023 14:00,NA,NA,NA,14,0.001619857,6.79E-07
04/03/2023 15:00,NA,NA,NA,15,0.001491604,5.63E-07
04/03/2023 16:00,NA,NA,NA,16,0.001165665,3.60E-07
04/03/2023 17:00,NA,NA,NA,17,0.000632488,1.45E-07
04/03/2023 18:00,NA,NA,NA,18,9.32E-05,1.54E-08
04/03/2023 19:00,NA,NA,NA,19,2.12E-07,4.86E-11
04/03/2023 20:00,NA,NA,NA,20,2.36E-08,8.43E-12
04/03/2023 21:00,NA,NA,NA,21,7.79E-09,3.15E-12
04/03/2023 22:00,NA,NA,NA,22,4.04E-08,1.32E-11
04/03/2023 23:00,NA,NA,NA,23,1.26E-08,4.53E-12
05/03/2023 00:00,NA,NA,NA,0,-3.73E-09,5.91E-14
05/03/2023 01:00,NA,NA,NA,1,-9.27E-09,-1.71E-12
05/03/2023 02:00,NA,NA,NA,2,2.80E-08,9.28E-12
05/03/2023 03:00,NA,NA,NA,3,4.25E-08,1.27E-11
05/03/2023 04:00,NA,NA,NA,4,4.44E-08,1.35E-11
05/03/2023 05:00,NA,NA,NA,5,4.50E-08,1.46E-11
05/03/2023 06:00,NA,NA,NA,6,1.46E-06,1.44E-10
05/03/2023 07:00,NA,NA,NA,7,0.000137366,1.83E-08
05/03/2023 08:00,NA,NA,NA,8,0.000509416,8.58E-08
05/03/2023 09:00,NA,NA,NA,9,0.000802921,1.71E-07
05/03/2023 10:00,NA,NA,NA,10,0.001023811,2.96E-07
05/03/2023 11:00,NA,NA,NA,11,0.00109842,3.94E-07
05/03/2023 12:00,NA,NA,NA,12,0.001150453,4.60E-07
05/03/2023 13:00,NA,NA,NA,13,0.001170021,4.89E-07
05/03/2023 14:00,NA,NA,NA,14,0.000922515,3.80E-07
05/03/2023 15:00,NA,NA,NA,15,0.000730488,2.81E-07
05/03/2023 16:00,NA,NA,NA,16,0.000469945,1.62E-07
05/03/2023 17:00,NA,NA,NA,17,0.000262714,6.87E-08
05/03/2023 18:00,NA,NA,NA,18,7.17E-05,1.27E-08
05/03/2023 19:00,NA,NA,NA,19,1.50E-07,3.58E-11
05/03/2023 20:00,NA,NA,NA,20,5.11E-09,1.33E-12
05/03/2023 21:00,NA,NA,NA,21,-2.15E-08,-5.71E-12
05/03/2023 22:00,NA,NA,NA,22,3.90E-08,1.27E-11
05/03/2023 23:00,NA,NA,NA,23,1.36E-08,5.31E-12
06/03/2023 00:00,NA,NA,NA,0,1.02E-08,4.09E-12
06/03/2023 01:00,NA,NA,NA,1,4.29E-08,1.33E-11
06/03/2023 02:00,NA,NA,NA,2,2.22E-08,7.71E-12
06/03/2023 03:00,NA,NA,NA,3,1.75E-08,6.65E-12
06/03/2023 04:00,NA,NA,NA,4,-5.08E-08,-1.40E-11
06/03/2023 05:00,NA,NA,NA,5,3.09E-08,1.02E-11
06/03/2023 06:00,NA,NA,NA,6,2.06E-06,1.85E-10
06/03/2023 07:00,NA,NA,NA,7,0.000195468,2.44E-08
06/03/2023 08:00,NA,NA,NA,8,0.000676751,1.08E-07
06/03/2023 09:00,NA,NA,NA,9,0.001000916,2.07E-07
06/03/2023 10:00,NA,NA,NA,10,0.00128112,3.71E-07
06/03/2023 11:00,NA,NA,NA,11,0.001546815,5.61E-07
06/03/2023 12:00,NA,NA,NA,12,0.00169201,6.83E-07
06/03/2023 13:00,NA,NA,NA,13,0.00166238,7.06E-07
06/03/2023 14:00,NA,NA,NA,14,0.00157207,6.48E-07
06/03/2023 15:00,NA,NA,NA,15,0.001379981,5.15E-07
06/03/2023 16:00,NA,NA,NA,16,0.001099026,3.38E-07
06/03/2023 17:00,NA,NA,NA,17,0.000649029,1.43E-07
06/03/2023 18:00,NA,NA,NA,18,0.000110923,1.75E-08
06/03/2023 19:00,NA,NA,NA,19,2.64E-07,5.65E-11
06/03/2023 20:00,NA,NA,NA,20,2.90E-08,8.85E-12
06/03/2023 21:00,NA,NA,NA,21,9.04E-08,2.61E-11
06/03/2023 22:00,NA,NA,NA,22,7.84E-09,2.66E-12
06/03/2023 23:00,NA,NA,NA,23,2.91E-08,8.96E-12
07/03/2023 00:00,NA,NA,NA,0,1.50E-08,4.73E-12
07/03/2023 01:00,NA,NA,NA,1,5.99E-08,1.80E-11
07/03/2023 02:00,NA,NA,NA,2,2.36E-08,7.74E-12
07/03/2023 03:00,NA,NA,NA,3,5.61E-08,1.69E-11
07/03/2023 04:00,NA,NA,NA,4,6.13E-08,1.81E-11
07/03/2023 05:00,NA,NA,NA,5,2.86E-08,9.37E-12
07/03/2023 06:00,NA,NA,NA,6,2.01E-06,1.95E-10
07/03/2023 07:00,NA,NA,NA,7,0.000124495,1.71E-08
07/03/2023 08:00,NA,NA,NA,8,0.000533991,8.55E-08
07/03/2023 09:00,NA,NA,NA,9,0.000885552,1.83E-07
07/03/2023 10:00,NA,NA,NA,10,0.001276413,3.66E-07
07/03/2023 11:00,NA,NA,NA,11,0.001459827,5.21E-07
07/03/2023 12:00,NA,NA,NA,12,0.001578849,6.37E-07
07/03/2023 13:00,NA,NA,NA,13,0.001645587,6.95E-07
07/03/2023 14:00,NA,NA,NA,14,0.001559731,6.36E-07
07/03/2023 15:00,NA,NA,NA,15,0.001398364,5.15E-07
07/03/2023 16:00,NA,NA,NA,16,0.001093987,3.31E-07
07/03/2023 17:00,NA,NA,NA,17,0.00055601,1.26E-07
07/03/2023 18:00,NA,NA,NA,18,9.09E-05,1.51E-08
07/03/2023 19:00,NA,NA,NA,19,1.90E-07,2.58E-11
07/03/2023 20:00,NA,NA,NA,20,-7.32E-09,-9.32E-13
07/03/2023 21:00,NA,NA,NA,21,-7.00E-09,-1.19E-12
07/03/2023 22:00,NA,NA,NA,22,3.66E-08,1.12E-11
07/03/2023 23:00,NA,NA,NA,23,4.20E-08,1.31E-11
08/03/2023 00:00,NA,NA,NA,0,2.95E-08,9.05E-12
08/03/2023 01:00,NA,NA,NA,1,3.88E-08,1.19E-11
08/03/2023 02:00,NA,NA,NA,2,6.48E-08,1.95E-11
08/03/2023 03:00,NA,NA,NA,3,6.40E-08,1.94E-11
08/03/2023 04:00,NA,NA,NA,4,5.25E-08,1.57E-11
08/03/2023 05:00,NA,NA,NA,5,3.78E-08,1.15E-11
08/03/2023 06:00,NA,NA,NA,6,2.45E-06,2.28E-10
08/03/2023 07:00,NA,NA,NA,7,0.000173177,2.19E-08
08/03/2023 08:00,NA,NA,NA,8,0.000617076,9.73E-08
08/03/2023 09:00,NA,NA,NA,9,0.000960837,1.99E-07
08/03/2023 10:00,NA,NA,NA,10,0.001389229,3.98E-07
08/03/2023 11:00,NA,NA,NA,11,0.001595797,5.69E-07
08/03/2023 12:00,NA,NA,NA,12,0.00166693,6.74E-07
08/03/2023 13:00,NA,NA,NA,13,0.001633691,6.95E-07
08/03/2023 14:00,NA,NA,NA,14,0.001604173,6.57E-07
08/03/2023 15:00,NA,NA,NA,15,0.001460246,5.43E-07
08/03/2023 16:00,NA,NA,NA,16,0.001161088,3.54E-07
08/03/2023 17:00,NA,NA,NA,17,0.00064627,1.42E-07
08/03/2023 18:00,NA,NA,NA,18,0.000117693,1.80E-08
08/03/2023 19:00,NA,NA,NA,19,2.68E-07,5.12E-11
08/03/2023 20:00,NA,NA,NA,20,7.08E-08,2.23E-11
08/03/2023 21:00,NA,NA,NA,21,1.08E-08,3.84E-12
08/03/2023 22:00,NA,NA,NA,22,-2.30E-08,-6.15E-12
08/03/2023 23:00,NA,NA,NA,23,-1.64E-08,-3.46E-12
09/03/2023 00:00,NA,NA,NA,0,4.21E-08,1.31E-11
09/03/2023 01:00,NA,NA,NA,1,1.84E-08,6.14E-12
09/03/2023 02:00,NA,NA,NA,2,1.28E-08,4.44E-12
09/03/2023 03:00,NA,NA,NA,3,1.68E-08,5.81E-12
09/03/2023 04:00,NA,NA,NA,4,-8.43E-09,-1.89E-12
09/03/2023 05:00,NA,NA,NA,5,6.21E-08,1.86E-11
09/03/2023 06:00,NA,NA,NA,6,2.85E-06,2.61E-10
09/03/2023 07:00,NA,NA,NA,7,0.0001778,2.25E-08
09/03/2023 08:00,NA,NA,NA,8,0.000744905,1.15E-07
09/03/2023 09:00,NA,NA,NA,9,0.001007614,2.13E-07
09/03/2023 10:00,NA,NA,NA,10,0.001476953,4.26E-07
09/03/2023 11:00,NA,NA,NA,11,0.001639448,5.95E-07
09/03/2023 12:00,NA,NA,NA,12,0.001714227,7.02E-07
09/03/2023 13:00,NA,NA,NA,13,0.001714516,7.34E-07
09/03/2023 14:00,NA,NA,NA,14,0.001644976,6.78E-07
09/03/2023 15:00,NA,NA,NA,15,0.001493169,5.58E-07
09/03/2023 16:00,NA,NA,NA,16,0.001199121,3.67E-07
09/03/2023 17:00,NA,NA,NA,17,0.000680039,1.50E-07
09/03/2023 18:00,NA,NA,NA,18,0.00012495,1.91E-08
09/03/2023 19:00,NA,NA,NA,19,2.88E-07,4.99E-11
09/03/2023 20:00,NA,NA,NA,20,5.60E-08,1.91E-11
09/03/2023 21:00,NA,NA,NA,21,1.41E-08,4.36E-12
09/03/2023 22:00,NA,NA,NA,22,3.98E-08,1.24E-11
09/03/2023 23:00,NA,NA,NA,23,5.13E-08,1.45E-11
10/03/2023 00:00,NA,NA,NA,0,3.19E-08,1.04E-11
10/03/2023 01:00,NA,NA,NA,1,4.98E-08,1.58E-11
10/03/2023 02:00,NA,NA,NA,2,2.35E-08,7.68E-12
10/03/2023 03:00,NA,NA,NA,3,2.86E-08,8.79E-12
10/03/2023 04:00,NA,NA,NA,4,3.19E-08,1.01E-11
10/03/2023 05:00,NA,NA,NA,5,2.95E-08,9.20E-12
10/03/2023 06:00,NA,NA,NA,6,3.50E-06,3.18E-10
10/03/2023 07:00,NA,NA,NA,7,0.000222145,2.73E-08
10/03/2023 08:00,NA,NA,NA,8,0.000829157,1.28E-07
10/03/2023 09:00,NA,NA,NA,9,0.001035778,2.22E-07
10/03/2023 10:00,NA,NA,NA,10,0.00152232,4.48E-07
10/03/2023 11:00,NA,NA,NA,11,0.001684316,6.21E-07
10/03/2023 12:00,NA,NA,NA,12,0.001761122,7.30E-07
10/03/2023 13:00,NA,NA,NA,13,0.001763518,7.63E-07
10/03/2023 14:00,NA,NA,NA,14,0.00169343,7.03E-07
10/03/2023 15:00,NA,NA,NA,15,0.001543998,5.79E-07
10/03/2023 16:00,NA,NA,NA,16,0.001248512,3.83E-07
10/03/2023 17:00,NA,NA,NA,17,0.000707949,1.56E-07
10/03/2023 18:00,NA,NA,NA,18,0.000125589,1.96E-08
10/03/2023 19:00,NA,NA,NA,19,3.04E-07,4.92E-11
10/03/2023 20:00,NA,NA,NA,20,-1.55E-08,-3.66E-12
10/03/2023 21:00,NA,NA,NA,21,1.90E-08,6.41E-12
10/03/2023 22:00,NA,NA,NA,22,4.75E-08,1.51E-11
10/03/2023 23:00,NA,NA,NA,23,2.21E-08,7.66E-12
11/03/2023 00:00,NA,NA,NA,0,1.66E-08,5.71E-12
11/03/2023 01:00,NA,NA,NA,1,2.41E-08,8.08E-12
11/03/2023 02:00,NA,NA,NA,2,5.08E-08,1.59E-11
11/03/2023 03:00,NA,NA,NA,3,1.33E-08,5.00E-12
11/03/2023 04:00,NA,NA,NA,4,-7.17E-09,-1.80E-12
11/03/2023 05:00,NA,NA,NA,5,-2.81E-08,-6.87E-12
11/03/2023 06:00,NA,NA,NA,6,2.62E-06,2.66E-10
11/03/2023 07:00,NA,NA,NA,7,0.000135975,1.88E-08
11/03/2023 08:00,NA,NA,NA,8,0.000430519,7.49E-08
11/03/2023 09:00,NA,NA,NA,9,0.000895213,1.91E-07
11/03/2023 10:00,NA,NA,NA,10,0.00143004,4.24E-07
11/03/2023 11:00,NA,NA,NA,11,0.001613077,6.01E-07
11/03/2023 12:00,NA,NA,NA,12,0.001694812,7.04E-07
11/03/2023 13:00,NA,NA,NA,13,0.001699734,7.40E-07
11/03/2023 14:00,NA,NA,NA,14,0.001703948,7.13E-07
11/03/2023 15:00,NA,NA,NA,15,0.001510732,5.74E-07
11/03/2023 16:00,NA,NA,NA,16,0.00119041,3.74E-07
11/03/2023 17:00,NA,NA,NA,17,0.000618543,1.46E-07
11/03/2023 18:00,NA,NA,NA,18,9.91E-05,1.68E-08
11/03/2023 19:00,NA,NA,NA,19,2.67E-07,4.89E-11
11/03/2023 20:00,NA,NA,NA,20,-1.27E-08,-2.84E-12
11/03/2023 21:00,NA,NA,NA,21,3.76E-08,1.20E-11
11/03/2023 22:00,NA,NA,NA,22,4.87E-08,1.53E-11
11/03/2023 23:00,NA,NA,NA,23,1.75E-08,6.09E-12
12/03/2023 00:00,NA,NA,NA,0,1.61E-08,5.67E-12
12/03/2023 01:00,NA,NA,NA,1,3.44E-08,1.18E-11
12/03/2023 02:00,NA,NA,NA,2,9.00E-11,9.86E-13
12/03/2023 03:00,NA,NA,NA,3,-6.08E-10,7.05E-13
12/03/2023 04:00,NA,NA,NA,4,-3.50E-09,5.34E-13
12/03/2023 05:00,NA,NA,NA,5,1.42E-08,5.22E-12
12/03/2023 06:00,NA,NA,NA,6,2.52E-06,2.56E-10
12/03/2023 07:00,NA,NA,NA,7,0.000116441,1.66E-08
12/03/2023 08:00,NA,NA,NA,8,0.000402952,6.93E-08
12/03/2023 09:00,NA,NA,NA,9,0.000727167,1.52E-07
12/03/2023 10:00,NA,NA,NA,10,0.000976595,2.83E-07
12/03/2023 11:00,NA,NA,NA,11,0.001352628,4.85E-07
12/03/2023 12:00,NA,NA,NA,12,0.001599768,6.45E-07
12/03/2023 13:00,NA,NA,NA,13,0.001665461,7.06E-07
12/03/2023 14:00,NA,NA,NA,14,0.001519379,6.17E-07
12/03/2023 15:00,NA,NA,NA,15,0.001415915,5.20E-07
12/03/2023 16:00,NA,NA,NA,16,0.001043846,3.21E-07
12/03/2023 17:00,NA,NA,NA,17,0.000546791,1.28E-07
12/03/2023 18:00,NA,NA,NA,18,0.000100903,1.67E-08
12/03/2023 19:00,NA,NA,NA,19,2.22E-07,2.84E-11
12/03/2023 20:00,NA,NA,NA,20,-1.96E-08,-2.69E-12
12/03/2023 21:00,NA,NA,NA,21,2.99E-08,9.89E-12
12/03/2023 22:00,NA,NA,NA,22,5.93E-08,1.84E-11
12/03/2023 23:00,NA,NA,NA,23,-3.10E-08,-7.06E-12
13/03/2023 00:00,NA,NA,NA,0,1.69E-09,1.47E-12
13/03/2023 01:00,NA,NA,NA,1,2.42E-08,8.10E-12
13/03/2023 02:00,NA,NA,NA,2,2.09E-08,7.20E-12
13/03/2023 03:00,NA,NA,NA,3,5.23E-09,2.39E-12
13/03/2023 04:00,NA,NA,NA,4,4.48E-08,1.45E-11
13/03/2023 05:00,NA,NA,NA,5,5.85E-08,1.81E-11
13/03/2023 06:00,NA,NA,NA,6,3.28E-06,3.10E-10
13/03/2023 07:00,NA,NA,NA,7,0.000135491,1.87E-08
13/03/2023 08:00,NA,NA,NA,8,0.000504695,8.38E-08
13/03/2023 09:00,NA,NA,NA,9,0.000870011,1.80E-07
13/03/2023 10:00,NA,NA,NA,10,0.001200969,3.46E-07
13/03/2023 11:00,NA,NA,NA,11,0.001471663,5.22E-07
13/03/2023 12:00,NA,NA,NA,12,0.001432483,5.73E-07
13/03/2023 13:00,NA,NA,NA,13,0.001595815,6.69E-07
13/03/2023 14:00,NA,NA,NA,14,0.001541587,6.20E-07
13/03/2023 15:00,NA,NA,NA,15,0.001385454,5.05E-07
13/03/2023 16:00,NA,NA,NA,16,0.001063311,3.27E-07
13/03/2023 17:00,NA,NA,NA,17,0.000487439,1.17E-07
13/03/2023 18:00,NA,NA,NA,18,9.62E-05,1.60E-08
13/03/2023 19:00,NA,NA,NA,19,2.93E-07,4.05E-11
13/03/2023 20:00,NA,NA,NA,20,1.21E-08,3.13E-12
13/03/2023 21:00,NA,NA,NA,21,-1.22E-08,-1.87E-12
13/03/2023 22:00,NA,NA,NA,22,3.03E-08,9.96E-12
13/03/2023 23:00,NA,NA,NA,23,6.72E-08,2.04E-11
14/03/2023 00:00,NA,NA,NA,0,3.60E-08,1.20E-11
14/03/2023 01:00,NA,NA,NA,1,5.76E-08,1.78E-11
14/03/2023 02:00,NA,NA,NA,2,3.02E-08,1.02E-11
14/03/2023 03:00,NA,NA,NA,3,-6.53E-09,-8.27E-13
14/03/2023 04:00,NA,NA,NA,4,3.85E-08,1.21E-11
14/03/2023 05:00,NA,NA,NA,5,2.72E-08,8.64E-12
14/03/2023 06:00,NA,NA,NA,6,3.76E-06,3.44E-10
14/03/2023 07:00,NA,NA,NA,7,0.000162903,2.20E-08
14/03/2023 08:00,NA,NA,NA,8,0.000552675,8.91E-08
14/03/2023 09:00,NA,NA,NA,9,0.000993089,2.04E-07
14/03/2023 10:00,NA,NA,NA,10,0.001411847,4.08E-07
14/03/2023 11:00,NA,NA,NA,11,0.001580535,5.67E-07
14/03/2023 12:00,NA,NA,NA,12,0.001667629,6.75E-07
14/03/2023 13:00,NA,NA,NA,13,0.001670958,7.08E-07
14/03/2023 14:00,NA,NA,NA,14,0.001513467,6.17E-07
14/03/2023 15:00,NA,NA,NA,15,0.00125013,4.60E-07
14/03/2023 16:00,NA,NA,NA,16,0.001056398,3.25E-07
14/03/2023 17:00,NA,NA,NA,17,0.000576458,1.32E-07
14/03/2023 18:00,NA,NA,NA,18,8.00E-05,1.29E-08
14/03/2023 19:00,NA,NA,NA,19,1.91E-07,3.56E-11
14/03/2023 20:00,NA,NA,NA,20,2.19E-08,8.29E-12
14/03/2023 21:00,NA,NA,NA,21,2.20E-08,7.39E-12
14/03/2023 22:00,NA,NA,NA,22,3.37E-08,1.09E-11
14/03/2023 23:00,NA,NA,NA,23,2.98E-08,9.75E-12
15/03/2023 00:00,NA,NA,NA,0,2.36E-08,7.93E-12
15/03/2023 01:00,NA,NA,NA,1,3.10E-08,1.01E-11
15/03/2023 02:00,NA,NA,NA,2,3.07E-08,1.01E-11
15/03/2023 03:00,NA,NA,NA,3,2.30E-08,7.79E-12
15/03/2023 04:00,NA,NA,NA,4,2.69E-08,8.78E-12
15/03/2023 05:00,NA,NA,NA,5,2.73E-08,9.14E-12
15/03/2023 06:00,NA,NA,NA,6,4.32E-06,4.25E-10
15/03/2023 07:00,NA,NA,NA,7,0.00013815,1.79E-08
15/03/2023 08:00,NA,NA,NA,8,0.000537771,8.56E-08
15/03/2023 09:00,NA,NA,NA,9,0.000926262,1.93E-07
15/03/2023 10:00,NA,NA,NA,10,0.001234491,3.58E-07
15/03/2023 11:00,NA,NA,NA,11,0.001450644,5.19E-07
15/03/2023 12:00,NA,NA,NA,12,0.001552743,6.19E-07
15/03/2023 13:00,NA,NA,NA,13,0.001523364,6.29E-07
15/03/2023 14:00,NA,NA,NA,14,0.001432243,5.55E-07
15/03/2023 15:00,NA,NA,NA,15,0.001214499,4.38E-07
15/03/2023 16:00,NA,NA,NA,16,0.000880607,2.66E-07
15/03/2023 17:00,NA,NA,NA,17,0.000445044,1.02E-07
15/03/2023 18:00,NA,NA,NA,18,8.00E-05,1.29E-08
15/03/2023 19:00,NA,NA,NA,19,1.91E-07,3.56E-11
15/03/2023 20:00,NA,NA,NA,20,2.19E-08,8.29E-12
15/03/2023 21:00,NA,NA,NA,21,2.20E-08,7.39E-12
15/03/2023 22:00,NA,NA,NA,22,3.37E-08,1.09E-11
15/03/2023 23:00,NA,NA,NA,23,2.98E-08,9.75E-12
16/03/2023 00:00,NA,NA,NA,0,2.36E-08,7.93E-12
16/03/2023 01:00,NA,NA,NA,1,3.10E-08,1.01E-11
16/03/2023 02:00,NA,NA,NA,2,3.07E-08,1.01E-11
16/03/2023 03:00,NA,NA,NA,3,2.30E-08,7.79E-12
16/03/2023 04:00,NA,NA,NA,4,2.69E-08,8.78E-12
16/03/2023 05:00,NA,NA,NA,5,2.73E-08,9.14E-12
16/03/2023 06:00,NA,NA,NA,6,4.32E-06,4.25E-10
16/03/2023 07:00,NA,NA,NA,7,0.00013815,1.79E-08
16/03/2023 08:00,NA,NA,NA,8,0.000537771,8.56E-08
16/03/2023 09:00,NA,NA,NA,9,0.000926262,1.93E-07
16/03/2023 10:00,NA,NA,NA,10,0.001234491,3.58E-07
16/03/2023 11:00,NA,NA,NA,11,0.001450644,5.19E-07
16/03/2023 12:00,NA,NA,NA,12,0.001552743,6.19E-07
16/03/2023 13:00,NA,NA,NA,13,0.001523364,6.29E-07
16/03/2023 14:00,NA,NA,NA,14,0.001432243,5.55E-07
16/03/2023 15:00,NA,NA,NA,15,0.001200104,4.29E-07
16/03/2023 16:00,NA,NA,NA,16,0.000944954,2.93E-07
16/03/2023 17:00,NA,NA,NA,17,0.000488405,1.15E-07
16/03/2023 18:00,NA,NA,NA,18,9.70E-05,1.59E-08
16/03/2023 19:00,NA,NA,NA,19,2.12E-07,2.60E-11
16/03/2023 20:00,NA,NA,NA,20,3.86E-08,1.32E-11
16/03/2023 21:00,NA,NA,NA,21,1.74E-08,6.27E-12
16/03/2023 22:00,NA,NA,NA,22,1.67E-08,6.71E-12
16/03/2023 23:00,NA,NA,NA,23,1.74E-08,6.10E-12
17/03/2023 00:00,NA,NA,NA,0,3.11E-09,2.44E-12
17/03/2023 01:00,NA,NA,NA,1,4.91E-08,1.53E-11
17/03/2023 02:00,NA,NA,NA,2,5.27E-08,1.67E-11
17/03/2023 03:00,NA,NA,NA,3,4.47E-08,1.40E-11
17/03/2023 04:00,NA,NA,NA,4,4.07E-09,2.23E-12
17/03/2023 05:00,NA,NA,NA,5,8.11E-08,2.51E-11
17/03/2023 06:00,NA,NA,NA,6,6.64E-06,6.26E-10
17/03/2023 07:00,NA,NA,NA,7,0.000218044,2.81E-08
17/03/2023 08:00,NA,NA,NA,8,0.000758854,1.20E-07
17/03/2023 09:00,NA,NA,NA,9,0.001112884,2.30E-07
17/03/2023 10:00,NA,NA,NA,10,0.001396009,4.06E-07
17/03/2023 11:00,NA,NA,NA,11,0.001515598,5.49E-07
17/03/2023 12:00,NA,NA,NA,12,0.001555061,6.31E-07
17/03/2023 13:00,NA,NA,NA,13,0.001596314,6.74E-07
17/03/2023 14:00,NA,NA,NA,14,0.001495875,6.03E-07
17/03/2023 15:00,NA,NA,NA,15,0.001221436,4.52E-07
17/03/2023 16:00,NA,NA,NA,16,0.000829074,2.61E-07
17/03/2023 17:00,NA,NA,NA,17,0.000370021,9.31E-08
17/03/2023 18:00,NA,NA,NA,18,6.95E-05,1.19E-08
17/03/2023 19:00,NA,NA,NA,19,1.61E-07,1.75E-11
17/03/2023 20:00,NA,NA,NA,20,8.80E-08,2.93E-11
17/03/2023 21:00,NA,NA,NA,21,6.35E-09,3.64E-12
17/03/2023 22:00,NA,NA,NA,22,4.10E-08,1.33E-11
17/03/2023 23:00,NA,NA,NA,23,1.29E-08,4.66E-12
18/03/2023 00:00,NA,NA,NA,0,4.12E-08,1.34E-11
18/03/2023 01:00,NA,NA,NA,1,6.93E-09,3.64E-12
18/03/2023 02:00,NA,NA,NA,2,6.18E-08,1.91E-11
18/03/2023 03:00,NA,NA,NA,3,6.39E-09,3.03E-12
18/03/2023 04:00,NA,NA,NA,4,2.29E-08,8.07E-12
18/03/2023 05:00,NA,NA,NA,5,5.38E-08,1.76E-11
18/03/2023 06:00,NA,NA,NA,6,4.11E-06,4.15E-10
18/03/2023 07:00,NA,NA,NA,7,0.00012208,1.76E-08
18/03/2023 08:00,NA,NA,NA,8,0.000390561,6.74E-08
18/03/2023 09:00,NA,NA,NA,9,0.000985803,2.06E-07
18/03/2023 10:00,NA,NA,NA,10,0.00116394,3.41E-07
18/03/2023 11:00,NA,NA,NA,11,0.001558432,5.60E-07
18/03/2023 12:00,NA,NA,NA,12,0.001625767,6.57E-07
18/03/2023 13:00,NA,NA,NA,13,0.00160627,6.71E-07
18/03/2023 14:00,NA,NA,NA,14,0.001487013,5.99E-07
18/03/2023 15:00,NA,NA,NA,15,0.001314893,4.77E-07
18/03/2023 16:00,NA,NA,NA,16,0.000992306,3.01E-07
18/03/2023 17:00,NA,NA,NA,17,0.000477937,1.16E-07
18/03/2023 18:00,NA,NA,NA,18,9.67E-05,1.59E-08
18/03/2023 19:00,NA,NA,NA,19,2.03E-07,9.96E-12
18/03/2023 20:00,NA,NA,NA,20,1.08E-07,3.46E-11
18/03/2023 21:00,NA,NA,NA,21,3.80E-08,1.21E-11
18/03/2023 22:00,NA,NA,NA,22,7.47E-08,2.30E-11
18/03/2023 23:00,NA,NA,NA,23,6.81E-08,2.14E-11
19/03/2023 00:00,NA,NA,NA,0,1.11E-07,3.36E-11
19/03/2023 01:00,NA,NA,NA,1,5.03E-08,1.56E-11
19/03/2023 02:00,NA,NA,NA,2,9.14E-08,2.81E-11
19/03/2023 03:00,NA,NA,NA,3,2.69E-08,9.24E-12
19/03/2023 04:00,NA,NA,NA,4,1.09E-08,4.49E-12
19/03/2023 05:00,NA,NA,NA,5,3.98E-08,1.32E-11
19/03/2023 06:00,NA,NA,NA,6,6.41E-06,6.30E-10
19/03/2023 07:00,NA,NA,NA,7,0.000120534,1.77E-08
19/03/2023 08:00,NA,NA,NA,8,0.00039028,6.76E-08
19/03/2023 09:00,NA,NA,NA,9,0.001048492,2.14E-07
19/03/2023 10:00,NA,NA,NA,10,0.001350256,3.89E-07
19/03/2023 11:00,NA,NA,NA,11,0.001429755,5.06E-07
19/03/2023 12:00,NA,NA,NA,12,0.001529622,6.04E-07
19/03/2023 13:00,NA,NA,NA,13,0.001503233,6.17E-07
19/03/2023 14:00,NA,NA,NA,14,0.001408096,5.50E-07
19/03/2023 15:00,NA,NA,NA,15,0.00115008,4.15E-07
19/03/2023 16:00,NA,NA,NA,16,0.000938606,2.82E-07
19/03/2023 17:00,NA,NA,NA,17,0.000377969,8.89E-08
19/03/2023 18:00,NA,NA,NA,18,6.35E-05,1.07E-08
19/03/2023 19:00,NA,NA,NA,19,2.79E-07,7.77E-11
19/03/2023 20:00,NA,NA,NA,20,6.71E-08,2.13E-11
19/03/2023 21:00,NA,NA,NA,21,2.06E-08,7.13E-12
19/03/2023 22:00,NA,NA,NA,22,3.04E-08,1.04E-11
19/03/2023 23:00,NA,NA,NA,23,4.78E-08,1.59E-11
20/03/2023 00:00,NA,NA,NA,0,4.12E-08,1.27E-11
20/03/2023 01:00,NA,NA,NA,1,1.76E-08,6.54E-12
20/03/2023 02:00,NA,NA,NA,2,7.64E-08,2.33E-11
20/03/2023 03:00,NA,NA,NA,3,6.31E-08,1.94E-11
20/03/2023 04:00,NA,NA,NA,4,6.98E-08,2.19E-11
20/03/2023 05:00,NA,NA,NA,5,2.21E-09,2.41E-12
20/03/2023 06:00,NA,NA,NA,6,4.94E-06,4.86E-10
20/03/2023 07:00,NA,NA,NA,7,0.000138177,1.95E-08
20/03/2023 08:00,NA,NA,NA,8,0.000523969,8.31E-08
20/03/2023 09:00,NA,NA,NA,9,0.001052193,2.17E-07
20/03/2023 10:00,NA,NA,NA,10,0.001174211,3.40E-07
20/03/2023 11:00,NA,NA,NA,11,0.001507153,5.41E-07
20/03/2023 12:00,NA,NA,NA,12,0.001515016,6.13E-07
20/03/2023 13:00,NA,NA,NA,13,0.001540159,6.42E-07
20/03/2023 14:00,NA,NA,NA,14,0.001447861,5.76E-07
20/03/2023 15:00,NA,NA,NA,15,0.001291437,4.65E-07
20/03/2023 16:00,NA,NA,NA,16,0.000902753,2.75E-07
20/03/2023 17:00,NA,NA,NA,17,0.000360203,8.84E-08
20/03/2023 18:00,NA,NA,NA,18,7.17E-05,1.23E-08
20/03/2023 19:00,NA,NA,NA,19,2.01E-07,4.24E-11
20/03/2023 20:00,NA,NA,NA,20,3.16E-08,1.21E-11
20/03/2023 21:00,NA,NA,NA,21,9.67E-09,5.05E-12
20/03/2023 22:00,NA,NA,NA,22,5.20E-08,1.68E-11
20/03/2023 23:00,NA,NA,NA,23,3.82E-08,1.29E-11
21/03/2023 00:00,NA,NA,NA,0,-4.82E-09,6.28E-13
21/03/2023 01:00,NA,NA,NA,1,-2.08E-08,-4.51E-12
21/03/2023 02:00,NA,NA,NA,2,-5.71E-09,-2.76E-13
21/03/2023 03:00,NA,NA,NA,3,5.91E-08,1.80E-11
21/03/2023 04:00,NA,NA,NA,4,2.72E-08,8.86E-12
21/03/2023 05:00,NA,NA,NA,5,2.46E-08,8.76E-12
21/03/2023 06:00,NA,NA,NA,6,6.66E-06,6.58E-10
21/03/2023 07:00,NA,NA,NA,7,0.000146871,2.13E-08
21/03/2023 08:00,NA,NA,NA,8,0.000373919,6.42E-08
21/03/2023 09:00,NA,NA,NA,9,0.000663707,1.45E-07
21/03/2023 10:00,NA,NA,NA,10,0.001088509,3.14E-07
21/03/2023 11:00,NA,NA,NA,11,0.00153211,5.49E-07
21/03/2023 12:00,NA,NA,NA,12,0.001622435,6.50E-07
21/03/2023 13:00,NA,NA,NA,13,0.001588501,6.58E-07
21/03/2023 14:00,NA,NA,NA,14,0.001369811,5.42E-07
21/03/2023 15:00,NA,NA,NA,15,0.000821769,3.04E-07
21/03/2023 16:00,NA,NA,NA,16,0.000527645,1.71E-07
21/03/2023 17:00,NA,NA,NA,17,0.000375168,9.25E-08
21/03/2023 18:00,NA,NA,NA,18,0.000108677,1.69E-08
21/03/2023 19:00,NA,NA,NA,19,3.37E-07,6.63E-11
21/03/2023 20:00,NA,NA,NA,20,1.86E-08,8.33E-12
21/03/2023 21:00,NA,NA,NA,21,3.84E-08,1.32E-11
21/03/2023 22:00,NA,NA,NA,22,2.72E-08,9.49E-12
21/03/2023 23:00,NA,NA,NA,23,3.64E-08,1.15E-11
22/03/2023 00:00,NA,NA,NA,0,1.68E-08,7.22E-12
22/03/2023 01:00,NA,NA,NA,1,2.77E-08,9.70E-12
22/03/2023 02:00,NA,NA,NA,2,1.28E-08,5.50E-12
22/03/2023 03:00,NA,NA,NA,3,-1.94E-08,-3.29E-12
22/03/2023 04:00,NA,NA,NA,4,4.90E-08,1.52E-11
22/03/2023 05:00,NA,NA,NA,5,1.55E-08,5.99E-12
22/03/2023 06:00,NA,NA,NA,6,1.21E-05,1.12E-09
22/03/2023 07:00,NA,NA,NA,7,0.000323716,3.88E-08
22/03/2023 08:00,NA,NA,NA,8,0.000904571,1.40E-07
22/03/2023 09:00,NA,NA,NA,9,0.001284895,2.68E-07
22/03/2023 10:00,NA,NA,NA,10,0.001497281,4.40E-07
22/03/2023 11:00,NA,NA,NA,11,0.001620429,5.84E-07
22/03/2023 12:00,NA,NA,NA,12,0.001678277,6.75E-07
22/03/2023 13:00,NA,NA,NA,13,0.001666177,6.93E-07
22/03/2023 14:00,NA,NA,NA,14,0.00159501,6.30E-07
22/03/2023 15:00,NA,NA,NA,15,0.001442496,5.09E-07
22/03/2023 16:00,NA,NA,NA,16,0.00114268,3.33E-07
22/03/2023 17:00,NA,NA,NA,17,0.000599399,1.31E-07
22/03/2023 18:00,NA,NA,NA,18,0.000111402,1.75E-08
22/03/2023 19:00,NA,NA,NA,19,2.75E-07,3.54E-11
22/03/2023 20:00,NA,NA,NA,20,6.45E-08,2.22E-11
22/03/2023 21:00,NA,NA,NA,21,2.96E-08,9.73E-12
22/03/2023 22:00,NA,NA,NA,22,5.48E-09,2.70E-12
22/03/2023 23:00,NA,NA,NA,23,3.58E-09,2.51E-12
23/03/2023 00:00,NA,NA,NA,0,3.76E-08,1.15E-11
23/03/2023 01:00,NA,NA,NA,1,4.07E-08,1.29E-11
23/03/2023 02:00,NA,NA,NA,2,1.63E-08,5.64E-12
23/03/2023 03:00,NA,NA,NA,3,9.73E-09,3.97E-12
23/03/2023 04:00,NA,NA,NA,4,7.16E-08,2.20E-11
23/03/2023 05:00,NA,NA,NA,5,7.96E-08,2.52E-11
23/03/2023 06:00,NA,NA,NA,6,1.33E-05,1.26E-09
23/03/2023 07:00,NA,NA,NA,7,0.000331912,4.00E-08
23/03/2023 08:00,NA,NA,NA,8,0.000914565,1.42E-07
23/03/2023 09:00,NA,NA,NA,9,0.001290315,2.70E-07
23/03/2023 10:00,NA,NA,NA,10,0.001504846,4.45E-07
23/03/2023 11:00,NA,NA,NA,11,0.001627529,5.92E-07
23/03/2023 12:00,NA,NA,NA,12,0.001682413,6.86E-07
23/03/2023 13:00,NA,NA,NA,13,0.001666313,6.99E-07
23/03/2023 14:00,NA,NA,NA,14,0.001590213,6.36E-07
23/03/2023 15:00,NA,NA,NA,15,0.001444955,5.20E-07
23/03/2023 16:00,NA,NA,NA,16,0.00113793,3.40E-07
23/03/2023 17:00,NA,NA,NA,17,0.000594564,1.34E-07
23/03/2023 18:00,NA,NA,NA,18,0.000106312,1.74E-08
23/03/2023 19:00,NA,NA,NA,19,2.98E-07,4.68E-11
23/03/2023 20:00,NA,NA,NA,20,3.60E-08,1.27E-11
23/03/2023 21:00,NA,NA,NA,21,2.92E-08,9.42E-12
23/03/2023 22:00,NA,NA,NA,22,5.99E-08,1.85E-11
23/03/2023 23:00,NA,NA,NA,23,5.19E-08,1.67E-11
24/03/2023 00:00,NA,NA,NA,0,-7.42E-09,-3.83E-13
24/03/2023 01:00,NA,NA,NA,1,4.50E-09,2.70E-12
24/03/2023 02:00,NA,NA,NA,2,7.17E-10,1.55E-12
24/03/2023 03:00,NA,NA,NA,3,4.21E-08,1.40E-11
24/03/2023 04:00,NA,NA,NA,4,-1.82E-08,-4.80E-12
24/03/2023 05:00,NA,NA,NA,5,2.12E-08,7.86E-12
24/03/2023 06:00,NA,NA,NA,6,6.52E-06,6.64E-10
24/03/2023 07:00,NA,NA,NA,7,0.000156578,2.20E-08
24/03/2023 08:00,NA,NA,NA,8,0.000682125,1.12E-07
24/03/2023 09:00,NA,NA,NA,9,0.001227316,2.61E-07
24/03/2023 10:00,NA,NA,NA,10,0.001491068,4.42E-07
24/03/2023 11:00,NA,NA,NA,11,0.001621455,5.87E-07
24/03/2023 12:00,NA,NA,NA,12,0.001684108,6.79E-07
24/03/2023 13:00,NA,NA,NA,13,0.001682132,6.96E-07
24/03/2023 14:00,NA,NA,NA,14,0.001543678,6.11E-07
24/03/2023 15:00,NA,NA,NA,15,0.001408401,5.03E-07
24/03/2023 16:00,NA,NA,NA,16,0.000898431,2.83E-07
24/03/2023 17:00,NA,NA,NA,17,0.000438913,1.07E-07
24/03/2023 18:00,NA,NA,NA,18,8.73E-05,1.46E-08
24/03/2023 19:00,NA,NA,NA,19,3.06E-07,6.18E-11
24/03/2023 20:00,NA,NA,NA,20,2.27E-09,1.98E-12
24/03/2023 21:00,NA,NA,NA,21,4.29E-08,1.39E-11
24/03/2023 22:00,NA,NA,NA,22,6.97E-08,2.14E-11
24/03/2023 23:00,NA,NA,NA,23,7.40E-08,2.26E-11
25/03/2023 00:00,NA,NA,NA,0,4.40E-08,1.43E-11
25/03/2023 01:00,NA,NA,NA,1,6.75E-09,3.21E-12
25/03/2023 02:00,NA,NA,NA,2,-9.92E-10,6.71E-13
25/03/2023 03:00,NA,NA,NA,3,4.31E-08,1.39E-11
25/03/2023 04:00,NA,NA,NA,4,5.92E-08,1.82E-11
25/03/2023 05:00,NA,NA,NA,5,5.27E-08,1.65E-11
25/03/2023 06:00,NA,NA,NA,6,1.53E-05,1.48E-09
25/03/2023 07:00,NA,NA,NA,7,0.000301702,3.80E-08
25/03/2023 08:00,NA,NA,NA,8,0.000883906,1.39E-07
25/03/2023 09:00,NA,NA,NA,9,0.001223043,2.58E-07
25/03/2023 10:00,NA,NA,NA,10,0.00140936,4.22E-07
25/03/2023 11:00,NA,NA,NA,11,0.001626115,5.90E-07
25/03/2023 12:00,NA,NA,NA,12,0.001690421,6.87E-07
25/03/2023 13:00,NA,NA,NA,13,0.001608604,6.78E-07
25/03/2023 14:00,NA,NA,NA,14,0.001592733,6.35E-07
25/03/2023 15:00,NA,NA,NA,15,0.001441346,5.17E-07
25/03/2023 16:00,NA,NA,NA,16,0.001113634,3.31E-07
25/03/2023 17:00,NA,NA,NA,17,0.000610371,1.33E-07
25/03/2023 18:00,NA,NA,NA,18,0.00011181,1.76E-08
25/03/2023 19:00,NA,NA,NA,19,2.78E-07,3.32E-11
25/03/2023 20:00,NA,NA,NA,20,4.11E-08,1.28E-11
25/03/2023 21:00,NA,NA,NA,21,6.04E-08,1.86E-11
25/03/2023 22:00,NA,NA,NA,22,7.86E-08,2.42E-11
25/03/2023 23:00,NA,NA,NA,23,2.76E-08,9.46E-12
26/03/2023 00:00,NA,NA,NA,0,8.58E-08,2.58E-11
26/03/2023 01:00,NA,NA,NA,1,6.53E-08,2.03E-11
26/03/2023 02:00,NA,NA,NA,2,1.82E-08,6.59E-12
26/03/2023 03:00,NA,NA,NA,3,2.13E-08,7.84E-12
26/03/2023 04:00,NA,NA,NA,4,2.60E-08,9.69E-12
26/03/2023 05:00,NA,NA,NA,5,3.87E-08,1.24E-11
26/03/2023 06:00,NA,NA,NA,6,1.66E-05,1.62E-09
26/03/2023 07:00,NA,NA,NA,7,0.000342673,4.27E-08
26/03/2023 08:00,NA,NA,NA,8,0.000904163,1.43E-07
26/03/2023 09:00,NA,NA,NA,9,0.00127651,2.72E-07
26/03/2023 10:00,NA,NA,NA,10,0.001494626,4.52E-07
26/03/2023 11:00,NA,NA,NA,11,0.001616185,5.97E-07
26/03/2023 12:00,NA,NA,NA,12,0.001666751,6.87E-07
26/03/2023 13:00,NA,NA,NA,13,0.001652409,7.01E-07
26/03/2023 14:00,NA,NA,NA,14,0.001572438,6.36E-07
26/03/2023 15:00,NA,NA,NA,15,0.001416261,5.17E-07
26/03/2023 16:00,NA,NA,NA,16,0.001137988,3.44E-07
26/03/2023 17:00,NA,NA,NA,17,0.000644777,1.40E-07
26/03/2023 18:00,NA,NA,NA,18,0.0001182,1.81E-08
26/03/2023 19:00,NA,NA,NA,19,3.07E-07,4.99E-11
26/03/2023 20:00,NA,NA,NA,20,4.37E-08,1.46E-11
26/03/2023 21:00,NA,NA,NA,21,9.81E-08,2.92E-11
26/03/2023 22:00,NA,NA,NA,22,5.03E-08,1.56E-11
26/03/2023 23:00,NA,NA,NA,23,-4.04E-09,4.86E-13
27/03/2023 00:00,NA,NA,NA,0,2.15E-08,7.69E-12
27/03/2023 01:00,NA,NA,NA,1,1.04E-07,3.18E-11
27/03/2023 02:00,NA,NA,NA,2,8.35E-08,2.58E-11
27/03/2023 03:00,NA,NA,NA,3,3.99E-08,1.28E-11
27/03/2023 04:00,NA,NA,NA,4,8.61E-08,2.58E-11
27/03/2023 05:00,NA,NA,NA,5,2.83E-08,9.15E-12
27/03/2023 06:00,NA,NA,NA,6,1.77E-05,1.74E-09
27/03/2023 07:00,NA,NA,NA,7,0.000330738,4.26E-08
27/03/2023 08:00,NA,NA,NA,8,0.000883312,1.42E-07
27/03/2023 09:00,NA,NA,NA,9,0.00124264,2.68E-07
27/03/2023 10:00,NA,NA,NA,10,0.001472724,4.54E-07
27/03/2023 11:00,NA,NA,NA,11,0.001592885,5.99E-07
27/03/2023 12:00,NA,NA,NA,12,0.001643299,6.91E-07
27/03/2023 13:00,NA,NA,NA,13,0.001626459,7.02E-07
27/03/2023 14:00,NA,NA,NA,14,0.001519345,6.26E-07
27/03/2023 15:00,NA,NA,NA,15,0.001329463,4.96E-07
27/03/2023 16:00,NA,NA,NA,16,0.001084289,3.34E-07
27/03/2023 17:00,NA,NA,NA,17,0.000608648,1.36E-07
27/03/2023 18:00,NA,NA,NA,18,0.000106332,1.69E-08
27/03/2023 19:00,NA,NA,NA,19,2.42E-07,3.09E-11
27/03/2023 20:00,NA,NA,NA,20,1.59E-08,7.46E-12
27/03/2023 21:00,NA,NA,NA,21,5.44E-08,1.73E-11
27/03/2023 22:00,NA,NA,NA,22,6.47E-08,1.95E-11
27/03/2023 23:00,NA,NA,NA,23,8.21E-08,2.55E-11
28/03/2023 00:00,NA,NA,NA,0,5.51E-08,1.69E-11
28/03/2023 01:00,NA,NA,NA,1,6.60E-08,2.04E-11
28/03/2023 02:00,NA,NA,NA,2,1.81E-08,6.67E-12
28/03/2023 03:00,NA,NA,NA,3,1.26E-08,4.38E-12
28/03/2023 04:00,NA,NA,NA,4,6.20E-08,1.95E-11
28/03/2023 05:00,NA,NA,NA,5,4.54E-08,1.46E-11
28/03/2023 06:00,NA,NA,NA,6,1.59E-05,1.62E-09
28/03/2023 07:00,NA,NA,NA,7,0.000281976,3.75E-08
28/03/2023 08:00,NA,NA,NA,8,0.000785082,1.27E-07
28/03/2023 09:00,NA,NA,NA,9,0.001163347,2.52E-07
28/03/2023 10:00,NA,NA,NA,10,0.001388854,4.20E-07
28/03/2023 11:00,NA,NA,NA,11,0.001532609,5.65E-07
28/03/2023 12:00,NA,NA,NA,12,0.001598655,6.59E-07
28/03/2023 13:00,NA,NA,NA,13,0.001569021,6.64E-07
28/03/2023 14:00,NA,NA,NA,14,0.001445967,5.84E-07
28/03/2023 15:00,NA,NA,NA,15,0.00130915,4.76E-07
28/03/2023 16:00,NA,NA,NA,16,0.001014291,3.06E-07
28/03/2023 17:00,NA,NA,NA,17,0.000546936,1.21E-07
28/03/2023 18:00,NA,NA,NA,18,0.000101187,1.59E-08
28/03/2023 19:00,NA,NA,NA,19,2.72E-07,4.78E-11
28/03/2023 20:00,NA,NA,NA,20,5.60E-08,1.96E-11
28/03/2023 21:00,NA,NA,NA,21,7.93E-08,2.42E-11
28/03/2023 22:00,NA,NA,NA,22,7.63E-08,2.41E-11
28/03/2023 23:00,NA,NA,NA,23,7.94E-08,2.48E-11
29/03/2023 00:00,NA,NA,NA,0,9.35E-08,2.80E-11
29/03/2023 01:00,NA,NA,NA,1,7.49E-08,2.33E-11
29/03/2023 02:00,NA,NA,NA,2,1.41E-08,6.18E-12
29/03/2023 03:00,NA,NA,NA,3,2.08E-08,7.04E-12
29/03/2023 04:00,NA,NA,NA,4,-3.01E-09,7.26E-13
29/03/2023 05:00,NA,NA,NA,5,1.86E-08,7.00E-12
29/03/2023 06:00,NA,NA,NA,6,1.76E-05,1.78E-09
29/03/2023 07:00,NA,NA,NA,7,0.000317852,4.13E-08
29/03/2023 08:00,NA,NA,NA,8,0.000870223,1.40E-07
29/03/2023 09:00,NA,NA,NA,9,0.001246493,2.71E-07
29/03/2023 10:00,NA,NA,NA,10,0.001468483,4.50E-07
29/03/2023 11:00,NA,NA,NA,11,0.001600254,5.98E-07
29/03/2023 12:00,NA,NA,NA,12,0.001647128,6.88E-07
29/03/2023 13:00,NA,NA,NA,13,0.001633249,6.96E-07
29/03/2023 14:00,NA,NA,NA,14,0.001547842,6.28E-07
29/03/2023 15:00,NA,NA,NA,15,0.001394089,5.13E-07
29/03/2023 16:00,NA,NA,NA,16,0.001141119,3.53E-07
29/03/2023 17:00,NA,NA,NA,17,0.000668555,1.50E-07
29/03/2023 18:00,NA,NA,NA,18,0.000145595,2.29E-08
29/03/2023 19:00,NA,NA,NA,19,7.78E-07,1.21E-10
29/03/2023 20:00,NA,NA,NA,20,3.50E-08,1.08E-11
29/03/2023 21:00,NA,NA,NA,21,-5.27E-08,-1.39E-11
29/03/2023 22:00,NA,NA,NA,22,6.69E-08,2.15E-11
29/03/2023 23:00,NA,NA,NA,23,6.18E-08,1.98E-11
30/03/2023 00:00,NA,NA,NA,0,6.52E-08,2.05E-11
30/03/2023 01:00,NA,NA,NA,1,8.58E-08,2.63E-11
30/03/2023 02:00,NA,NA,NA,2,2.22E-08,8.49E-12
30/03/2023 03:00,NA,NA,NA,3,6.93E-08,2.11E-11
30/03/2023 04:00,NA,NA,NA,4,5.50E-08,1.71E-11
30/03/2023 05:00,NA,NA,NA,5,2.01E-08,7.50E-12
30/03/2023 06:00,NA,NA,NA,6,1.24E-05,1.24E-09
30/03/2023 07:00,NA,NA,NA,7,0.000223123,3.14E-08
30/03/2023 08:00,NA,NA,NA,8,0.000664081,1.10E-07
30/03/2023 09:00,NA,NA,NA,9,0.001100675,2.39E-07
30/03/2023 10:00,NA,NA,NA,10,0.001458146,4.36E-07
30/03/2023 11:00,NA,NA,NA,11,0.00160705,5.94E-07
30/03/2023 12:00,NA,NA,NA,12,0.001636584,6.77E-07
30/03/2023 13:00,NA,NA,NA,13,0.001584692,6.73E-07
30/03/2023 14:00,NA,NA,NA,14,0.001468087,6.00E-07
30/03/2023 15:00,NA,NA,NA,15,0.001233293,4.62E-07
30/03/2023 16:00,NA,NA,NA,16,0.000952731,3.01E-07
30/03/2023 17:00,NA,NA,NA,17,0.000451119,1.13E-07
30/03/2023 18:00,NA,NA,NA,18,0.000110205,1.93E-08
30/03/2023 19:00,NA,NA,NA,19,6.00E-07,7.77E-11
30/03/2023 20:00,NA,NA,NA,20,2.95E-08,1.40E-11
30/03/2023 21:00,NA,NA,NA,21,5.61E-09,3.41E-12
30/03/2023 22:00,NA,NA,NA,22,8.93E-08,2.77E-11
30/03/2023 23:00,NA,NA,NA,23,4.58E-08,1.42E-11
31/03/2023 00:00,NA,NA,NA,0,5.41E-08,1.69E-11
31/03/2023 01:00,NA,NA,NA,1,7.24E-08,2.22E-11
31/03/2023 02:00,NA,NA,NA,2,-5.62E-09,1.91E-13
31/03/2023 03:00,NA,NA,NA,3,3.04E-08,9.88E-12
31/03/2023 04:00,NA,NA,NA,4,1.04E-07,3.15E-11
31/03/2023 05:00,NA,NA,NA,5,6.51E-08,2.04E-11
31/03/2023 06:00,NA,NA,NA,6,1.23E-05,1.23E-09
31/03/2023 07:00,NA,NA,NA,7,0.000229725,3.12E-08
31/03/2023 08:00,NA,NA,NA,8,0.000747423,1.18E-07
31/03/2023 09:00,NA,NA,NA,9,0.001065141,2.24E-07
31/03/2023 10:00,NA,NA,NA,10,0.001393112,4.12E-07
31/03/2023 11:00,NA,NA,NA,11,0.001533611,5.56E-07
31/03/2023 12:00,NA,NA,NA,12,0.001588535,6.42E-07
31/03/2023 13:00,NA,NA,NA,13,0.001571748,6.56E-07
31/03/2023 14:00,NA,NA,NA,14,0.001477618,5.89E-07
31/03/2023 15:00,NA,NA,NA,15,0.001314514,4.75E-07
31/03/2023 16:00,NA,NA,NA,16,0.001005636,3.05E-07
31/03/2023 17:00,NA,NA,NA,17,0.000438486,1.05E-07
31/03/2023 18:00,NA,NA,NA,18,0.00010193,1.72E-08
31/03/2023 19:00,NA,NA,NA,19,6.42E-07,8.40E-11
31/03/2023 20:00,NA,NA,NA,20,5.72E-08,1.99E-11
31/03/2023 21:00,NA,NA,NA,21,2.38E-08,7.99E-12
31/03/2023 22:00,NA,NA,NA,22,4.26E-08,1.35E-11
31/03/2023 23:00,NA,NA,NA,23,7.11E-08,2.19E-11
