"date","hono","hono_lod","hono_err"
2023-02-07 08:00:00,NA,NA,NA
2023-02-07 09:00:00,NA,NA,NA
2023-02-07 10:00:00,NA,NA,NA
2023-02-07 11:00:00,1.44822479139855,0.404628284808657,0.549450763948513
2023-02-07 12:00:00,2.25695741480298,0.404628284808657,0.630324026288956
2023-02-07 13:00:00,2.80232176026653,0.404628284808657,0.684860460835311
2023-02-07 14:00:00,4.34184096404295,0.404628284808657,0.838812381212953
2023-02-07 15:00:00,3.54229885380435,0.404628284808657,0.758858170189092
2023-02-07 16:00:00,2.94818968285327,0.404628284808657,0.699447253093984
2023-02-07 17:00:00,1.61589709722599,0.404628284808657,0.566217994531256
2023-02-07 18:00:00,0.316557236987708,0.166209645931184,0.197865369629955
2023-02-07 19:00:00,-0.578528620875508,0.166209645931184,0.108356783843633
2023-02-07 20:00:00,-0.971662959491868,0.166209645931184,0.0690433499819972
2023-02-07 21:00:00,-0.700462022499659,0.166209645931184,0.0961634436812182
2023-02-07 22:00:00,-0.586631995426448,0.166209645931184,0.107546446388539
2023-02-07 23:00:00,-0.92903375990677,0.166209645931184,0.0733062699405071
2023-02-08 00:00:00,-0.33008551465416,0.223104474752713,0.190095923287296
2023-02-08 01:00:00,0.015394162079376,0.223104474752713,0.22464389096065
2023-02-08 02:00:00,-0.527624327019969,0.223104474752713,0.170342042050716
2023-02-08 03:00:00,0.0976675477396932,0.223104474752713,0.232871229526682
2023-02-08 04:00:00,NA,NA,NA
2023-02-08 05:00:00,1.04540337524969,0.15649349929371,0.261033836818679
2023-02-08 06:00:00,1.04085177772851,0.15649349929371,0.260578677066561
2023-02-08 07:00:00,1.70518434705724,0.15649349929371,0.327011933999434
2023-02-08 08:00:00,2.55146721962716,0.15649349929371,0.411640221256426
2023-02-08 09:00:00,6.06394289408548,0.15649349929371,0.762887788702258
2023-02-08 10:00:00,NA,NA,NA
2023-02-08 11:00:00,12.1179778175784,0.15649349929371,1.36829128105155
2023-02-08 12:00:00,14.2879623408603,0.15649349929371,1.58528973337974
2023-02-08 13:00:00,15.9423927706387,0.15649349929371,1.75073277635758
2023-02-08 14:00:00,NA,NA,NA
2023-02-08 15:00:00,7.68272896327185,0.15649349929371,0.924766395620895
2023-02-08 16:00:00,4.90645693180016,0.15649349929371,0.647139192473726
2023-02-08 17:00:00,4.16598664169268,0.15649349929371,0.573092163462978
2023-02-08 18:00:00,1.12262005908049,0.15649349929371,0.268755505201759
2023-02-08 19:00:00,0.458159774560593,0.164400272111539,0.210216249567598
2023-02-08 20:00:00,0.492044171227502,0.164400272111539,0.213604689234289
2023-02-08 21:00:00,0.457032531067887,0.164400272111539,0.210103525218327
2023-02-08 22:00:00,0.0426198143792325,0.164400272111539,0.168662253549462
2023-02-08 23:00:00,-0.567390239513156,0.164400272111539,0.107661248160223
2023-02-09 00:00:00,NA,NA,NA
2023-02-09 01:00:00,-1.11192826503071,0.164400272111539,0.0532074456084676
2023-02-09 02:00:00,-0.681517766007783,0.277490258635221,0.209338482034443
2023-02-09 03:00:00,-0.30162351246459,0.277490258635221,0.247327907388763
2023-02-09 04:00:00,-0.402779340180135,0.277490258635221,0.237212324617208
2023-02-09 05:00:00,0.0395459198699049,0.277490258635221,0.281444850622212
2023-02-09 06:00:00,0.135954803841457,0.277490258635221,0.291085739019367
2023-02-09 07:00:00,-0.877807750317005,0.191273104607427,0.103492329575726
2023-02-09 08:00:00,-0.833187815111991,0.191273104607427,0.107954323096228
2023-02-09 09:00:00,0.0820771738954456,0.191273104607427,0.199480821996971
2023-02-09 10:00:00,11.2591844119457,0.191273104607427,1.317191545802
2023-02-09 11:00:00,NA,NA,NA
2023-02-09 12:00:00,NA,NA,NA
2023-02-09 13:00:00,NA,NA,NA
2023-02-09 14:00:00,NA,NA,NA
2023-02-09 15:00:00,NA,NA,NA
2023-02-09 16:00:00,NA,NA,NA
2023-02-09 17:00:00,NA,NA,NA
2023-02-09 18:00:00,NA,NA,NA
2023-02-09 19:00:00,NA,NA,NA
2023-02-09 20:00:00,NA,NA,NA
2023-02-09 21:00:00,NA,NA,NA
2023-02-09 22:00:00,NA,NA,NA
2023-02-09 23:00:00,NA,NA,NA
2023-02-10 00:00:00,NA,NA,NA
2023-02-10 01:00:00,NA,NA,NA
2023-02-10 02:00:00,NA,NA,NA
2023-02-10 03:00:00,NA,NA,NA
2023-02-10 04:00:00,NA,NA,NA
2023-02-10 05:00:00,NA,NA,NA
2023-02-10 06:00:00,NA,NA,NA
2023-02-10 07:00:00,NA,NA,NA
2023-02-10 08:00:00,NA,NA,NA
2023-02-10 09:00:00,NA,NA,NA
2023-02-10 10:00:00,NA,NA,NA
2023-02-10 11:00:00,NA,NA,NA
2023-02-10 12:00:00,13.7810982105545,0.338860320552671,1.71697014160812
2023-02-10 13:00:00,13.9443390619394,0.338860320552671,1.73329422674661
2023-02-10 14:00:00,13.1054907399376,0.338860320552671,1.64940939454643
2023-02-10 15:00:00,11.4745207111885,0.338860320552671,1.48631239167152
2023-02-10 16:00:00,10.080670957332,0.338860320552671,1.34692741628587
2023-02-10 17:00:00,7.36744029267009,0.338860320552671,1.07560434981968
2023-02-10 18:00:00,4.35195415582934,0.338860320552671,0.774055736135605
2023-02-10 19:00:00,2.31469993243755,0.338860320552671,0.570330313796426
2023-02-10 20:00:00,0.613220964927053,0.338860320552671,0.400182417045376
2023-02-10 21:00:00,0.635122497609926,0.201481094327885,0.264993344088878
2023-02-10 22:00:00,0.834656830505427,0.201481094327885,0.284946777378428
2023-02-10 23:00:00,1.06512944958082,0.201481094327885,0.307994039285968
2023-02-11 00:00:00,1.27076675716091,0.201481094327885,0.328557770043976
2023-02-11 01:00:00,2.12709496969004,0.201481094327885,0.41419059129689
2023-02-11 02:00:00,1.99432848724487,0.201481094327885,0.400913943052373
2023-02-11 03:00:00,NA,NA,NA
2023-02-11 04:00:00,NA,NA,NA
2023-02-11 05:00:00,NA,NA,NA
2023-02-11 06:00:00,NA,NA,NA
2023-02-11 07:00:00,NA,NA,NA
2023-02-11 08:00:00,NA,NA,NA
2023-02-11 09:00:00,13.4118414151105,0.23694139213253,1.57812553364358
2023-02-11 10:00:00,10.197158200824,0.23694139213253,1.25665721221493
2023-02-11 11:00:00,6.36924548608768,0.23694139213253,0.873865940741298
2023-02-11 12:00:00,8.87838837790876,0.23694139213253,1.12478022992341
2023-02-11 13:00:00,10.5323933110611,0.23694139213253,1.29018072323864
2023-02-11 14:00:00,NA,NA,NA
2023-02-11 15:00:00,NA,NA,NA
2023-02-11 16:00:00,NA,NA,NA
2023-02-11 17:00:00,9.23373253934899,1.11872895331168,2.04210220724657
2023-02-11 18:00:00,6.26698817562011,1.11872895331168,1.74542777087369
2023-02-11 19:00:00,0.407077134413606,1.11872895331168,1.15943666675304
2023-02-11 20:00:00,0.0463271931968524,0.269542367778486,0.274175087098171
2023-02-11 21:00:00,-0.170598077293364,0.269542367778486,0.252482560049149
2023-02-11 22:00:00,-0.27167602129028,0.269542367778486,0.242374765649458
2023-02-11 23:00:00,0.0422569369047632,0.269542367778486,0.273768061468962
2023-02-12 00:00:00,0.00627561950530383,0.269542367778486,0.270169929729016
2023-02-12 01:00:00,0.248611495170022,0.269542367778486,0.294403517295488
2023-02-12 02:00:00,1.01630183197572,0.333938812594198,0.43556899579177
2023-02-12 03:00:00,0.458129415631411,0.333938812594198,0.379751754157339
2023-02-12 04:00:00,1.72476099833128,0.333938812594198,0.506414912427326
2023-02-12 05:00:00,0.821160441585588,0.333938812594198,0.416054856752757
2023-02-12 06:00:00,0.688529736244103,0.333938812594198,0.402791786218608
2023-02-12 07:00:00,0.555555133519887,0.333938812594198,0.389494325946187
2023-02-12 08:00:00,1.01012547289402,0.407397620335705,0.508410167625107
2023-02-12 09:00:00,2.60189696500403,0.407397620335705,0.667587316836108
2023-02-12 10:00:00,3.98265570621279,0.407397620335705,0.805663190956984
2023-02-12 11:00:00,NA,NA,NA
2023-02-12 12:00:00,13.9535634509995,0.407397620335705,1.80275396543565
2023-02-12 13:00:00,16.1881235663406,0.407397620335705,2.02620997696976
2023-02-12 14:00:00,19.0136205179809,0.219633809774137,2.12099586157223
2023-02-12 15:00:00,8.89654993223606,0.219633809774137,1.10928880299774
2023-02-12 16:00:00,6.71345300328282,0.219633809774137,0.890979110102419
2023-02-12 17:00:00,6.60664441710786,0.219633809774137,0.880298251484923
2023-02-12 18:00:00,4.4440613670757,0.219633809774137,0.664039946481706
2023-02-12 19:00:00,2.77273449310704,0.219633809774137,0.496907259084841
2023-02-12 20:00:00,2.88516188751502,0.219237991974069,0.507754180725571
2023-02-12 21:00:00,1.94325470427921,0.219237991974069,0.41356346240199
2023-02-12 22:00:00,0.828395377374517,0.219237991974069,0.302077529711521
2023-02-12 23:00:00,0.906713038528321,0.219237991974069,0.309909295826901
2023-02-13 00:00:00,0.827891365395476,0.219237991974069,0.302027128513617
2023-02-13 01:00:00,-0.0712377507485933,0.219237991974069,0.21211421689921
2023-02-13 02:00:00,-0.987691347952827,0.312854139261088,0.214085004465805
2023-02-13 03:00:00,-0.17621867261842,0.312854139261088,0.295232271999246
2023-02-13 04:00:00,0.328853459447437,0.312854139261088,0.345739485205832
2023-02-13 05:00:00,-0.150838679615974,0.312854139261088,0.297770271299491
2023-02-13 06:00:00,-0.128194330863709,0.312854139261088,0.300034706174717
2023-02-13 07:00:00,0.565795544931942,0.312854139261088,0.369433693754282
2023-02-13 08:00:00,0.730082518703648,0.304304438422459,0.377312690292824
2023-02-13 09:00:00,4.54698314732147,0.304304438422459,0.759002753154606
2023-02-13 10:00:00,12.1272517519451,0.304304438422459,1.51702961361697
2023-02-13 11:00:00,14.9386950531589,0.304304438422459,1.79817394373835
2023-02-13 12:00:00,14.96434306602,0.304304438422459,1.80073874502446
2023-02-13 13:00:00,14.2932121512331,0.304304438422459,1.73362565354577
2023-02-13 14:00:00,11.9496130123102,0.388963592970407,1.58392489420143
2023-02-13 15:00:00,10.6878346603366,0.388963592970407,1.45774705900407
2023-02-13 16:00:00,7.73823859637783,0.388963592970407,1.16278745260819
2023-02-13 17:00:00,3.51540073297678,0.388963592970407,0.740503666268086
2023-02-13 18:00:00,1.65631375268627,0.388963592970407,0.554594968239035
2023-02-13 19:00:00,0.339618879393838,0.388963592970407,0.422925480909791
2023-02-13 20:00:00,0.0191767311862454,0.884473919989505,0.886391593108129
2023-02-13 21:00:00,0.189210491402395,0.884473919989505,0.903394969129744
2023-02-13 22:00:00,0.548225768063695,0.884473919989505,0.939296496795874
2023-02-13 23:00:00,0.390865939792333,0.884473919989505,0.923560513968738
2023-02-14 00:00:00,-0.302568769018568,0.884473919989505,0.854217043087648
2023-02-14 01:00:00,0.897183280201521,0.884473919989505,0.974192248009657
2023-02-14 02:00:00,0.77202250705118,0.884473919989505,0.961676170694623
2023-02-14 03:00:00,0.196374422090817,0.485230355298307,0.504867797507389
2023-02-14 04:00:00,-0.186379718083159,0.485230355298307,0.466592383489991
2023-02-14 05:00:00,1.71582929258226,0.485230355298307,0.656813284556533
2023-02-14 06:00:00,2.32039243128107,0.485230355298307,0.717269598426414
2023-02-14 07:00:00,2.36434782204144,0.485230355298307,0.721665137502451
2023-02-14 08:00:00,2.38962221527631,0.485230355298307,0.724192576825938
2023-02-14 09:00:00,5.29289016056547,0.387989927863762,0.917278943920309
2023-02-14 10:00:00,6.38440496036186,0.387989927863762,1.02643042389995
2023-02-14 11:00:00,7.72266623540764,0.387989927863762,1.16025655140453
2023-02-14 12:00:00,9.25825373820698,0.387989927863762,1.31381530168446
2023-02-14 13:00:00,9.95403712743581,0.387989927863762,1.38339364060734
2023-02-14 14:00:00,9.11269464524216,0.387989927863762,1.29925939238798
2023-02-14 15:00:00,7.4866774328107,0.264821993175228,1.0134897364563
2023-02-14 16:00:00,6.15713523985707,0.264821993175228,0.880535517160936
2023-02-14 17:00:00,3.30924215721367,0.264821993175228,0.595746208896596
2023-02-14 18:00:00,1.72619997598571,0.264821993175228,0.437441990773799
2023-02-14 19:00:00,-0.358520611521428,0.264821993175228,0.228969932023086
2023-02-14 20:00:00,-0.844475300469827,0.264821993175228,0.180374463128246
2023-02-14 21:00:00,-0.0965217328820063,0.24781332688351,0.238161153595309
2023-02-14 22:00:00,0.40993420837529,0.24781332688351,0.288806747721039
2023-02-14 23:00:00,0.586738770982633,0.24781332688351,0.306487203981773
2023-02-15 00:00:00,0.311573295085876,0.24781332688351,0.278970656392098
2023-02-15 01:00:00,-0.513416748943144,0.24781332688351,0.196471651989196
2023-02-15 02:00:00,0.110265215629696,0.24781332688351,0.25883984844648
2023-02-15 03:00:00,-0.222050894979206,0.24781332688351,0.225608237385589
2023-02-15 04:00:00,0.647287085227473,0.24781332688351,0.312542035406257
2023-02-15 05:00:00,0.840304179605732,0.24781332688351,0.331843744844083
2023-02-15 06:00:00,1.03947738275866,0.24781332688351,0.351761065159376
2023-02-15 07:00:00,0.89535867974523,0.24781332688351,0.337349194858033
2023-02-15 08:00:00,0.638035225230226,0.24781332688351,0.311616849406533
2023-02-15 09:00:00,6.19241122473229,0.24781332688351,0.867054449356739
2023-02-15 10:00:00,6.46403996638608,0.416025424451792,1.0624294210904
2023-02-15 11:00:00,6.98479324822384,0.416025424451792,1.11450474927418
2023-02-15 12:00:00,9.16793110594867,0.416025424451792,1.33281853504666
2023-02-15 13:00:00,8.30346983156767,0.416025424451792,1.24637240760856
2023-02-15 14:00:00,7.28397436482929,0.416025424451792,1.14442286093472
2023-02-15 15:00:00,6.05097471593809,0.416025424451792,1.0211228960456
2023-02-15 16:00:00,5.53497426439752,0.306386908806626,0.859884335246378
2023-02-15 17:00:00,2.130414635396,0.306386908806626,0.519428372346226
2023-02-15 18:00:00,0.912567125710499,0.306386908806626,0.397643621377676
2023-02-15 19:00:00,0.509071152137662,0.306386908806626,0.357294024020393
2023-02-15 20:00:00,-0.0301398064936812,0.306386908806626,0.303372928157258
2023-02-15 21:00:00,-0.357735546662411,0.306386908806626,0.270613354140385
2023-02-15 22:00:00,-0.48058877701449,0.282185545890785,0.234126668189336
2023-02-15 23:00:00,0.190058908703352,0.282185545890785,0.30119143676112
2023-02-16 00:00:00,0.0364910037715847,0.282185545890785,0.285834646267943
2023-02-16 01:00:00,0.00282280207724214,0.282185545890785,0.282467826098509
2023-02-16 02:00:00,0.412603066475389,0.282185545890785,0.323445852538324
2023-02-16 03:00:00,1.20470865554996,0.282185545890785,0.402656411445781
2023-02-16 04:00:00,1.07276028347061,0.282185545890785,0.389461574237846
2023-02-16 05:00:00,0.839128991665074,0.421764109076,0.505677008242508
2023-02-16 06:00:00,1.12483207265468,0.421764109076,0.534247316341469
2023-02-16 07:00:00,1.43706753915466,0.421764109076,0.565470862991467
2023-02-16 08:00:00,3.7896836186133,0.421764109076,0.800732470937331
2023-02-16 09:00:00,6.80472037272675,0.421764109076,1.10223614634868
2023-02-16 10:00:00,6.13002849116025,0.421764109076,1.03476695819203
2023-02-16 11:00:00,8.58120718388063,0.495373377457726,1.35349409584579
2023-02-16 12:00:00,11.6043589521296,0.495373377457726,1.65580927267069
2023-02-16 13:00:00,10.1088688993036,0.495373377457726,1.50626026738809
2023-02-16 14:00:00,9.4994916286898,0.495373377457726,1.44532254032671
2023-02-16 15:00:00,7.32368111433817,0.495373377457726,1.22774148889154
2023-02-16 16:00:00,NA,NA,NA
2023-02-16 17:00:00,4.14409428447292,0.371728912359287,0.78613834080658
2023-02-16 18:00:00,2.92887209676922,0.371728912359287,0.664616122036209
2023-02-16 19:00:00,2.1584414212813,0.371728912359287,0.587573054487417
2023-02-16 20:00:00,1.27540375435719,0.371728912359287,0.499269287795006
2023-02-16 21:00:00,0.161215221687442,0.371728912359287,0.387850434528031
2023-02-16 22:00:00,0.948353717784099,0.371728912359287,0.466564284137697
2023-02-16 23:00:00,2.01536790550325,0.291685117677254,0.493221908227578
2023-02-17 00:00:00,1.66183472381775,0.291685117677254,0.457868590059029
2023-02-17 01:00:00,1.58126735382238,0.291685117677254,0.449811853059492
2023-02-17 02:00:00,1.27007170051209,0.291685117677254,0.418692287728463
2023-02-17 03:00:00,2.18550567006593,0.291685117677254,0.510235684683847
2023-02-17 04:00:00,2.7214621895995,0.291685117677254,0.563831336637204
2023-02-17 05:00:00,NA,NA,NA
2023-02-17 06:00:00,NA,NA,NA
2023-02-17 07:00:00,NA,NA,NA
2023-02-17 08:00:00,NA,NA,NA
2023-02-17 09:00:00,NA,NA,NA
2023-02-17 10:00:00,NA,NA,NA
2023-02-17 11:00:00,NA,NA,NA
2023-02-17 12:00:00,NA,NA,NA
2023-02-17 13:00:00,NA,NA,NA
2023-02-17 14:00:00,NA,NA,NA
2023-02-17 15:00:00,NA,NA,NA
2023-02-17 16:00:00,NA,NA,NA
2023-02-17 17:00:00,NA,NA,NA
2023-02-17 18:00:00,NA,NA,NA
2023-02-17 19:00:00,1.52052595552145,0.340322918242412,0.492375513794557
2023-02-17 20:00:00,1.7541968142877,0.340322918242412,0.515742599671182
2023-02-17 21:00:00,1.69101292112502,0.340322918242412,0.509424210354914
2023-02-17 22:00:00,1.35437122917175,0.340322918242412,0.475760041159587
2023-02-17 23:00:00,2.28445127365507,0.340322918242412,0.56876804560792
2023-02-18 00:00:00,2.22315008511096,0.340322918242412,0.562637926753508
2023-02-18 01:00:00,NA,NA,NA
2023-02-18 02:00:00,0.597117971633804,0.340322918242412,0.400034715405793
2023-02-18 03:00:00,1.99856049562241,0.241005392491075,0.440861442053316
2023-02-18 04:00:00,3.73266357047014,0.241005392491075,0.614271749538089
2023-02-18 05:00:00,0.357268577716145,0.241005392491075,0.276732250262689
2023-02-18 06:00:00,NA,NA,NA
2023-02-18 07:00:00,NA,NA,NA
2023-02-18 08:00:00,NA,NA,NA
2023-02-18 09:00:00,6.56144270267918,0.241005392491075,0.897149662758993
2023-02-18 10:00:00,6.47388100609326,0.241005392491075,0.888393493100401
2023-02-18 11:00:00,7.23701476896073,0.241005392491075,0.964706869387148
2023-02-18 12:00:00,16.6235405487327,0.632234332456413,2.29458838732968
2023-02-18 13:00:00,14.7703750574703,0.632234332456413,2.10927183820345
2023-02-18 14:00:00,10.8806202203145,0.632234332456413,1.72029635448787
2023-02-18 15:00:00,9.00751075773072,0.632234332456413,1.53298540822948
2023-02-18 16:00:00,7.3684029885193,0.632234332456413,1.36907463130834
2023-02-18 17:00:00,3.15722631851702,0.632234332456413,0.947956964308115
2023-02-18 18:00:00,2.79654681015769,0.354137493841927,0.633792174857696
2023-02-18 19:00:00,NA,NA,NA
2023-02-18 20:00:00,NA,NA,NA
2023-02-18 21:00:00,NA,NA,NA
2023-02-18 22:00:00,NA,NA,NA
2023-02-18 23:00:00,NA,NA,NA
2023-02-19 00:00:00,NA,NA,NA
2023-02-19 01:00:00,NA,NA,NA
2023-02-19 02:00:00,NA,NA,NA
2023-02-19 03:00:00,NA,NA,NA
2023-02-19 04:00:00,NA,NA,NA
2023-02-19 05:00:00,NA,NA,NA
2023-02-19 06:00:00,NA,NA,NA
2023-02-19 07:00:00,NA,NA,NA
2023-02-19 08:00:00,NA,NA,NA
2023-02-19 09:00:00,NA,NA,NA
2023-02-19 10:00:00,NA,NA,NA
2023-02-19 11:00:00,NA,NA,NA
2023-02-19 12:00:00,16.7342227306218,0.354137493841927,2.02755976690411
2023-02-19 13:00:00,13.4750584088052,0.354137493841927,1.70164333472244
2023-02-19 14:00:00,12.8597094010767,0.354137493841927,1.6401084339496
2023-02-19 15:00:00,10.3112870970425,0.354137493841927,1.38526620354618
2023-02-19 16:00:00,7.92928973665371,0.354137493841927,1.1470664675073
2023-02-19 17:00:00,6.87146514075247,0.354137493841927,1.04128400791717
2023-02-19 18:00:00,2.59425565043804,0.354137493841927,0.613563058885731
2023-02-19 19:00:00,NA,NA,NA
2023-02-19 20:00:00,NA,NA,NA
2023-02-19 21:00:00,NA,NA,NA
2023-02-19 22:00:00,NA,NA,NA
2023-02-19 23:00:00,NA,NA,NA
2023-02-20 00:00:00,NA,NA,NA
2023-02-20 01:00:00,NA,NA,NA
2023-02-20 02:00:00,NA,NA,NA
2023-02-20 03:00:00,NA,NA,NA
2023-02-20 04:00:00,NA,NA,NA
2023-02-20 05:00:00,NA,NA,NA
2023-02-20 06:00:00,NA,NA,NA
2023-02-20 07:00:00,NA,NA,NA
2023-02-20 08:00:00,NA,NA,NA
2023-02-20 09:00:00,NA,NA,NA
2023-02-20 10:00:00,8.60549423401042,0.28740533878155,1.14795476218259
2023-02-20 11:00:00,8.71135704099863,0.28740533878155,1.15854104288141
2023-02-20 12:00:00,6.74082763460473,0.28740533878155,0.961488102242023
2023-02-20 13:00:00,7.53274065825034,0.58693848390241,1.34021254972744
2023-02-20 14:00:00,7.18174506463308,0.58693848390241,1.30511299036572
2023-02-20 15:00:00,4.81627742256489,0.58693848390241,1.0685662261589
2023-02-20 16:00:00,4.24097688835262,0.58693848390241,1.01103617273767
2023-02-20 17:00:00,3.51922332852187,0.58693848390241,0.938860816754596
2023-02-20 18:00:00,3.08964674094274,0.58693848390241,0.895903157996684
2023-02-20 19:00:00,NA,NA,NA
2023-02-20 20:00:00,NA,NA,NA
2023-02-20 21:00:00,NA,NA,NA
2023-02-20 22:00:00,NA,NA,NA
2023-02-20 23:00:00,NA,NA,NA
2023-02-21 00:00:00,NA,NA,NA
2023-02-21 01:00:00,NA,NA,NA
2023-02-21 02:00:00,NA,NA,NA
2023-02-21 03:00:00,NA,NA,NA
2023-02-21 04:00:00,NA,NA,NA
2023-02-21 05:00:00,NA,NA,NA
2023-02-21 06:00:00,NA,NA,NA
2023-02-21 07:00:00,NA,NA,NA
2023-02-21 08:00:00,-2.8625272848896,0.347044227899077,0.060791499410117
2023-02-21 09:00:00,-0.225030058633932,0.347044227899077,0.324541222035684
2023-02-21 10:00:00,0.976491555812944,0.347044227899077,0.444693383480371
2023-02-21 11:00:00,5.7764828917594,0.347044227899077,0.924692517075017
2023-02-21 12:00:00,13.2066988731729,0.347044227899077,1.66771411521637
2023-02-21 13:00:00,23.8738553251989,0.347044227899077,2.73442976041897
2023-02-21 14:00:00,16.6143039825081,0.347044227899077,2.00847462614988
2023-02-21 15:00:00,12.2406582897449,0.347044227899077,1.57111005687356
2023-02-21 16:00:00,NA,NA,NA
2023-02-21 17:00:00,NA,NA,NA
2023-02-21 18:00:00,-0.320720246575398,0.347044227899077,0.314972203241537
2023-02-21 19:00:00,-0.21149022036036,1.11526485882437,1.09411583678834
2023-02-21 20:00:00,-0.660727778560467,1.11526485882437,1.04919208096833
2023-02-21 21:00:00,-0.511682821530604,1.11526485882437,1.06409657667131
2023-02-21 22:00:00,-0.511639154743565,1.11526485882437,1.06410094335002
2023-02-21 23:00:00,0.0784842469636008,1.11526485882437,1.12311328352073
2023-02-22 00:00:00,-0.993255048204817,1.11526485882437,1.01593935400389
2023-02-22 01:00:00,-0.152329452868475,0.311306750387226,0.296073805100378
2023-02-22 02:00:00,0.0727059431851643,0.311306750387226,0.318577344705742
2023-02-22 03:00:00,-0.217444682254995,0.311306750387226,0.289562282161726
2023-02-22 04:00:00,0.601582705687146,0.311306750387226,0.37146502095594
2023-02-22 05:00:00,0.661286588218092,0.311306750387226,0.377435409209035
2023-02-22 06:00:00,0.186321267392198,0.311306750387226,0.329938877126445
2023-02-22 07:00:00,-0.94738738836943,0.311306750387226,0.216568011550283
2023-02-22 08:00:00,-0.124610590122368,0.322852203479456,0.31039114446722
2023-02-22 09:00:00,1.20532471100228,0.322852203479456,0.443384674579684
2023-02-22 10:00:00,2.31764122435093,0.322852203479456,0.55461632591455
2023-02-22 11:00:00,15.4796433735681,0.322852203479456,1.87081654083626
2023-02-22 12:00:00,23.5633709929408,0.322852203479456,2.67918930277354
2023-02-22 13:00:00,17.017808428861,0.322852203479456,2.02463304636556
2023-02-22 14:00:00,16.113068267725,0.213775746033283,1.82508257280578
2023-02-22 15:00:00,12.5252050275603,0.213775746033283,1.46629624878931
2023-02-22 16:00:00,10.4337310525763,0.213775746033283,1.25714885129092
2023-02-22 17:00:00,1.12881581312745,0.213775746033283,0.326657327346029
2023-02-22 18:00:00,-0.227534909387965,0.213775746033283,0.191022255094487
2023-02-22 19:00:00,-3.09352865073163,0.213775746033283,-0.0955771190398801
2023-02-22 20:00:00,-2.16318941906297,0.267209898813493,0.0508909569071965
2023-02-22 21:00:00,-1.92322759566122,0.267209898813493,0.0748871392473711
2023-02-22 22:00:00,-1.12091368529466,0.267209898813493,0.155118530284028
2023-02-22 23:00:00,-0.563157914146351,0.267209898813493,0.210894107398858
2023-02-23 00:00:00,0.279515403686094,0.267209898813493,0.295161439182103
2023-02-23 01:00:00,-0.396515558707298,0.267209898813493,0.227558342942764
2023-02-23 02:00:00,-0.686418735476818,0.256636708211792,0.18799483466411
2023-02-23 03:00:00,0.464571835704119,0.256636708211792,0.303093891782204
2023-02-23 04:00:00,0.582966840778455,0.256636708211792,0.314933392289638
2023-02-23 05:00:00,1.28060329040766,0.256636708211792,0.384697037252558
2023-02-23 06:00:00,0.698483208639609,0.256636708211792,0.326485029075753
2023-02-23 07:00:00,0.47452693706151,0.256636708211792,0.304089401917943
2023-02-23 08:00:00,1.01657064351513,0.256636708211792,0.358293772563305
2023-02-23 09:00:00,2.46311662677897,0.283980419093973,0.53029208177187
2023-02-23 10:00:00,NA,NA,NA
2023-02-23 11:00:00,17.249848360338,0.283980419093973,2.00896525512777
2023-02-23 12:00:00,18.2639547240127,0.283980419093973,2.11037589149524
2023-02-23 13:00:00,19.2875155501773,0.283980419093973,2.21273197411171
2023-02-23 14:00:00,13.0251764646769,0.283980419093973,1.58649806556166
2023-02-23 15:00:00,16.2849389077288,0.322345149411974,1.95083904018485
2023-02-23 16:00:00,13.0492649009167,0.322345149411974,1.62727163950364
2023-02-23 17:00:00,9.29660394796726,0.322345149411974,1.2520055442087
2023-02-23 18:00:00,2.55510938245779,0.322345149411974,0.577856087657752
2023-02-23 19:00:00,0.749209058739423,0.322345149411974,0.397266055285916
2023-02-23 20:00:00,-0.908615476330233,0.322345149411974,0.23148360177895
2023-02-23 21:00:00,-0.324316142242492,0.310098680831186,0.277667066606937
2023-02-23 22:00:00,-0.372882106070044,0.310098680831186,0.272810470224181
2023-02-23 23:00:00,-0.528623080066237,0.310098680831186,0.257236372824562
2023-02-24 00:00:00,-0.484345356753147,0.310098680831186,0.261664145155871
2023-02-24 01:00:00,0.203180772327985,0.310098680831186,0.330416758063984
2023-02-24 02:00:00,0.119487440035458,0.310098680831186,0.322047424834732
2023-02-24 03:00:00,0.66050794547914,0.281604348003966,0.34765514255188
2023-02-24 04:00:00,1.22153414327206,0.281604348003966,0.403757762331173
2023-02-24 05:00:00,1.43736862792704,0.281604348003966,0.42534121079667
2023-02-24 06:00:00,1.81209135309788,0.281604348003966,0.462813483313754
2023-02-24 07:00:00,1.89223241413995,0.281604348003966,0.470827589417962
2023-02-24 08:00:00,1.41003525647565,0.281604348003966,0.422607873651531
2023-02-24 09:00:00,3.30606657174923,0.281604348003966,0.612211005178889
2023-02-24 10:00:00,NA,NA,NA
2023-02-24 11:00:00,NA,NA,NA
2023-02-24 12:00:00,9.17455513116598,0.274771290883448,1.19222680400005
2023-02-24 13:00:00,9.26358283878795,0.274771290883448,1.20112957476224
2023-02-24 14:00:00,10.1918858351404,0.274771290883448,1.29395987439748
2023-02-24 15:00:00,7.19334221828302,0.274771290883448,0.99410551271175
2023-02-24 16:00:00,6.88727235674186,0.301391084333948,0.990118320008134
2023-02-24 17:00:00,4.64672741461455,0.301391084333948,0.766063825795402
2023-02-24 18:00:00,0.430353065698945,0.301391084333948,0.344426390903842
2023-02-24 19:00:00,-2.44946934919742,0.301391084333948,0.0564441494142058
2023-02-24 20:00:00,-2.21540755614636,0.301391084333948,0.0798503287193116
2023-02-24 21:00:00,-2.34197280487098,0.301391084333948,0.06719380384685
2023-02-24 22:00:00,-1.51810702521678,0.369595340425138,0.21778463790346
2023-02-24 23:00:00,-1.21043159392909,0.369595340425138,0.248552181032229
2023-02-25 00:00:00,-0.557077278363188,0.369595340425138,0.313887612588819
2023-02-25 01:00:00,0.534107159510715,0.369595340425138,0.423006056376209
2023-02-25 02:00:00,1.47309438491694,0.369595340425138,0.516904778916832
2023-02-25 03:00:00,0.0756431700419729,0.369595340425138,0.377159657429335
2023-02-25 04:00:00,0.648807630003544,0.221222987709829,0.286103750710183
2023-02-25 05:00:00,1.29535288498174,0.221222987709829,0.350758276208003
2023-02-25 06:00:00,1.83995169598139,0.221222987709829,0.405218157307968
2023-02-25 07:00:00,1.40175131034934,0.221222987709829,0.361398118744763
2023-02-25 08:00:00,1.68921374748791,0.221222987709829,0.39014436245862
2023-02-25 09:00:00,2.53973715083667,0.221222987709829,0.475196702793496
2023-02-25 10:00:00,NA,NA,NA
2023-02-25 11:00:00,NA,NA,NA
2023-02-25 12:00:00,NA,NA,NA
2023-02-25 13:00:00,NA,NA,NA
2023-02-25 14:00:00,NA,NA,NA
2023-02-25 15:00:00,NA,NA,NA
2023-02-25 16:00:00,NA,NA,NA
2023-02-25 17:00:00,NA,NA,NA
2023-02-25 18:00:00,NA,NA,NA
2023-02-25 19:00:00,NA,NA,NA
2023-02-25 20:00:00,NA,NA,NA
2023-02-25 21:00:00,NA,NA,NA
2023-02-25 22:00:00,NA,NA,NA
2023-02-25 23:00:00,NA,NA,NA
2023-02-26 00:00:00,NA,NA,NA
2023-02-26 01:00:00,NA,NA,NA
2023-02-26 02:00:00,NA,NA,NA
2023-02-26 03:00:00,NA,NA,NA
2023-02-26 04:00:00,NA,NA,NA
2023-02-26 05:00:00,NA,NA,NA
2023-02-26 06:00:00,NA,NA,NA
2023-02-26 07:00:00,NA,NA,NA
2023-02-26 08:00:00,NA,NA,NA
2023-02-26 09:00:00,NA,NA,NA
2023-02-26 10:00:00,NA,NA,NA
2023-02-26 11:00:00,10.7084214332423,0.451327977519605,1.52217012084383
2023-02-26 12:00:00,10.9131312867605,0.451327977519605,1.54264110619566
2023-02-26 13:00:00,8.77040515431312,0.451327977519605,1.32836849295092
2023-02-26 14:00:00,7.42314800345034,0.451327977519605,1.19364277786464
2023-02-26 15:00:00,6.38904293452869,0.451327977519605,1.09023227097247
2023-02-26 16:00:00,4.41598549226768,0.451327977519605,0.892926526746373
2023-02-26 17:00:00,2.040280219713,0.451327977519605,0.655355999490905
2023-02-26 18:00:00,-0.308623368080703,0.451327977519605,0.420465640711535
